timestamp,pkt_count,avg_pkt_len,tcp_count,udp_count,syn_count
15165,4.0,173.5,0.0,2.0,0.0
15166,9.0,191.44,2.0,4.0,0.0
15167,7.0,228.0,0.0,4.0,0.0
15169,1.0,408.0,0.0,0.0,0.0
15170,1.0,120.0,0.0,0.0,0.0
15170,16.0,335.75,0.0,7.0,0.0
15171,7.0,79.86,1.0,5.0,0.0
15172,11.0,295.09,3.0,4.0,0.0
15173,2.0,60.0,0.0,0.0,0.0
15174,3.0,96.33,0.0,0.0,0.0
15175,6.0,99.67,0.0,0.0,0.0
15177,5.0,107.6,0.0,0.0,0.0
15178,7.0,94.0,0.0,0.0,0.0
15179,5.0,107.6,0.0,0.0,0.0
15180,3.0,139.33,0.0,0.0,0.0
15181,9.0,86.44,0.0,0.0,0.0
15182,5.0,107.6,0.0,0.0,0.0
15183,6.0,99.67,0.0,0.0,0.0
15184,13.0,109.08,2.0,1.0,0.0
15185,15.0,132.27,0.0,3.0,0.0
15186,13.0,99.54,0.0,2.0,0.0
15190,17.0,105.24,0.0,3.0,0.0
15192,17.0,75.0,0.0,2.0,0.0
15194,6.0,158.0,0.0,1.0,0.0
15200,2.0,179.0,0.0,0.0,0.0
15201,2.0,179.0,0.0,0.0,0.0
15203,10.0,136.6,0.0,7.0,0.0
15204,4.0,121.0,1.0,0.0,0.0
15204,5.0,108.8,1.0,0.0,0.0
15207,7.0,106.29,0.0,4.0,0.0
15209,13.0,119.38,0.0,10.0,0.0
15210,3.0,139.33,0.0,0.0,0.0
15211,4.0,119.5,0.0,0.0,0.0
15213,7.0,113.0,0.0,5.0,0.0
15214,7.0,113.0,0.0,5.0,0.0
15215,3.0,165.67,0.0,0.0,0.0
15215,4.0,139.25,0.0,0.0,0.0
15217,5.0,191.6,1.0,1.0,0.0
15218,2.0,179.0,0.0,0.0,0.0
15219,8.0,117.38,0.0,5.0,0.0
15220,8.0,350.38,0.0,6.0,0.0
15220,9.0,318.11,0.0,6.0,0.0
15222,3.0,139.33,0.0,0.0,0.0
15223,2.0,179.0,0.0,0.0,0.0
15223,3.0,139.33,0.0,0.0,0.0
15225,2.0,179.0,0.0,0.0,0.0
15225,3.0,139.33,0.0,0.0,0.0
15228,2.0,179.0,0.0,0.0,0.0
15230,4.0,135.75,0.0,2.0,0.0
15232,2.0,179.0,0.0,0.0,0.0
15234,6.0,139.33,0.0,2.0,0.0
15236,11.0,150.73,0.0,4.0,0.0
15237,3.0,274.67,0.0,0.0,0.0
15238,4.0,158.25,0.0,1.0,0.0
15238,14.0,269.5,0.0,5.0,0.0
15239,5.0,135.2,0.0,1.0,0.0
15240,2.0,179.0,0.0,0.0,0.0
15243,4.0,223.0,0.0,1.0,0.0
15243,5.0,190.4,0.0,1.0,0.0
15246,6.0,115.0,0.0,4.0,0.0
15246,7.0,107.14,0.0,4.0,0.0
15248,7.0,113.0,0.0,5.0,0.0
15249,4.0,121.0,1.0,0.0,0.0
15251,2.0,179.0,0.0,0.0,0.0
15252,2.0,179.0,0.0,0.0,0.0
15252,3.0,139.33,0.0,0.0,0.0
15254,12.0,351.0,0.0,5.0,0.0
15255,11.0,484.73,0.0,4.0,0.0
15258,3.0,561.67,0.0,0.0,0.0
15259,2.0,179.0,0.0,0.0,0.0
15260,2.0,179.0,0.0,0.0,0.0
15261,3.0,225.0,0.0,0.0,0.0
15262,8.0,413.0,1.0,2.0,0.0
15265,8.0,415.12,0.0,2.0,0.0
15266,2.0,179.0,0.0,0.0,0.0
15266,3.0,139.33,0.0,0.0,0.0
15269,3.0,139.33,0.0,0.0,0.0
15269,3.0,139.33,0.0,0.0,0.0
15270,4.0,119.5,0.0,0.0,0.0
15272,6.0,112.0,0.0,3.0,0.0
15272,6.0,112.0,0.0,3.0,0.0
15273,8.0,210.0,0.0,2.0,0.0
15275,6.0,160.0,0.0,2.0,0.0
15277,2.0,179.0,0.0,0.0,0.0
15278,2.0,179.0,0.0,0.0,0.0
15278,4.0,122.5,2.0,0.0,0.0
15280,6.0,125.83,0.0,3.0,0.0
15280,6.0,125.83,0.0,3.0,0.0
15282,9.0,104.22,0.0,6.0,0.0
15284,4.0,119.5,0.0,0.0,0.0
15285,8.0,218.0,0.0,3.0,0.0
15287,6.0,204.5,0.0,1.0,0.0
15288,5.0,182.4,0.0,1.0,0.0
15289,5.0,211.6,0.0,1.0,0.0
15291,3.0,180.0,0.0,0.0,0.0
15291,5.0,132.0,0.0,0.0,0.0
15293,2.0,179.0,0.0,0.0,0.0
15294,4.0,187.5,0.0,1.0,0.0
15294,19.0,248.53,0.0,8.0,0.0
15296,7.0,210.29,0.0,2.0,0.0
15298,4.0,180.0,0.0,0.0,0.0
15299,3.0,139.33,0.0,0.0,0.0
15300,3.0,139.33,0.0,0.0,0.0
15301,2.0,179.0,0.0,0.0,0.0
15302,2.0,179.0,0.0,0.0,0.0
15303,3.0,139.33,0.0,0.0,0.0
15303,10.0,133.4,0.0,3.0,0.0
15307,18.0,220.22,0.0,9.0,0.0
15308,4.0,211.25,0.0,0.0,0.0
15309,2.0,179.0,0.0,0.0,0.0
15309,8.0,245.75,1.0,2.0,0.0
15311,8.0,138.25,0.0,2.0,0.0
15312,2.0,179.0,0.0,0.0,0.0
15312,5.0,313.6,0.0,1.0,0.0
15314,3.0,139.33,0.0,0.0,0.0
15315,4.0,134.25,0.0,1.0,0.0
15316,4.0,139.25,0.0,0.0,0.0
15317,4.0,175.5,0.0,1.0,0.0
15318,3.0,139.33,0.0,0.0,0.0
15319,3.0,165.67,0.0,0.0,0.0
15320,12.0,439.5,0.0,10.0,0.0
15320,17.0,346.35,0.0,13.0,0.0
15323,12.0,406.5,0.0,10.0,0.0
15324,4.0,121.0,1.0,0.0,0.0
15325,2.0,179.0,0.0,0.0,0.0
15325,3.0,139.33,0.0,0.0,0.0
15327,6.0,112.17,0.0,3.0,0.0
15328,3.0,139.33,0.0,0.0,0.0
15329,2.0,179.0,0.0,0.0,0.0
15330,4.0,156.0,0.0,0.0,0.0
15331,17.0,335.12,0.0,15.0,0.0
15333,10.0,228.2,0.0,3.0,0.0
15334,17.0,208.12,0.0,6.0,0.0
15335,6.0,182.5,0.0,1.0,0.0
15336,13.0,156.23,0.0,7.0,0.0
15337,8.0,308.38,0.0,2.0,0.0
15338,4.0,224.0,0.0,1.0,0.0
15339,2.0,179.0,0.0,0.0,0.0
15341,2.0,179.0,0.0,0.0,0.0
15342,4.0,224.0,0.0,1.0,0.0
15342,5.0,191.2,0.0,1.0,0.0
15345,5.0,130.4,0.0,3.0,0.0
15345,11.0,116.09,0.0,7.0,0.0
15347,2.0,179.0,0.0,0.0,0.0
15348,3.0,139.33,0.0,0.0,0.0
15349,2.0,179.0,0.0,0.0,0.0
15350,3.0,141.33,1.0,0.0,0.0
15353,8.0,111.88,1.0,3.0,0.0
15353,13.0,124.23,2.0,4.0,0.0
15354,10.0,99.8,0.0,6.0,0.0
15356,6.0,122.67,0.0,1.0,0.0
15357,3.0,139.33,0.0,0.0,0.0
15358,2.0,179.0,0.0,0.0,0.0
15358,4.0,134.5,0.0,0.0,0.0
15360,7.0,125.0,0.0,0.0,0.0
15361,12.0,179.0,0.0,4.0,0.0
15362,6.0,219.5,0.0,2.0,0.0
15363,2.0,179.0,0.0,0.0,0.0
15363,9.0,226.44,0.0,5.0,0.0
15365,5.0,156.0,0.0,0.0,0.0
15366,3.0,139.33,0.0,0.0,0.0
15367,5.0,306.4,0.0,1.0,0.0
15369,3.0,141.33,1.0,0.0,0.0
15371,3.0,180.0,0.0,0.0,0.0
15371,8.0,118.38,0.0,4.0,0.0
15372,4.0,129.0,0.0,0.0,0.0
15373,3.0,139.33,0.0,0.0,0.0
15377,2.0,179.0,0.0,0.0,0.0
15378,2.0,179.0,0.0,0.0,0.0
15380,2.0,179.0,0.0,0.0,0.0
15381,7.0,132.0,0.0,4.0,0.0
15382,2.0,179.0,0.0,0.0,0.0
15382,3.0,139.33,0.0,0.0,0.0
15385,3.0,139.33,0.0,0.0,0.0
15385,7.0,115.14,0.0,1.0,0.0
15387,5.0,155.8,0.0,0.0,0.0
15388,7.0,113.0,0.0,5.0,0.0
15389,2.0,179.0,0.0,0.0,0.0
15390,5.0,182.4,0.0,1.0,0.0
15391,10.0,170.9,0.0,5.0,0.0
15393,3.0,255.33,0.0,0.0,0.0
15393,8.0,185.38,0.0,2.0,0.0
15395,18.0,315.44,0.0,13.0,0.0
15396,9.0,147.56,0.0,5.0,0.0
15397,9.0,199.56,4.0,1.0,0.0
15398,4.0,150.0,0.0,1.0,0.0
15399,3.0,139.33,0.0,0.0,0.0
15401,4.0,150.0,0.0,0.0,0.0
15403,2.0,179.0,0.0,0.0,0.0
15404,2.0,179.0,0.0,0.0,0.0
15405,5.0,184.2,0.0,1.0,0.0
15406,3.0,148.33,0.0,1.0,0.0
15406,15.0,120.47,0.0,8.0,0.0
15408,6.0,136.5,0.0,0.0,0.0
15409,9.0,122.11,0.0,1.0,0.0
15412,5.0,193.2,0.0,1.0,0.0
15413,3.0,139.33,0.0,0.0,0.0
15414,2.0,179.0,0.0,0.0,0.0
15415,2.0,179.0,0.0,0.0,0.0
15415,7.0,174.0,0.0,2.0,0.0
15415,7.0,174.0,0.0,2.0,0.0
15417,3.0,139.33,0.0,0.0,0.0
15420,4.0,119.5,0.0,0.0,0.0
15422,6.0,124.33,0.0,3.0,0.0
15423,2.0,179.0,0.0,0.0,0.0
15424,6.0,124.5,0.0,2.0,0.0
15425,4.0,139.25,0.0,0.0,0.0
15426,3.0,165.67,0.0,0.0,0.0
15427,3.0,184.0,0.0,0.0,0.0
15427,13.0,221.38,0.0,4.0,0.0
15428,4.0,298.0,0.0,1.0,0.0
15430,7.0,262.0,0.0,2.0,0.0
15431,13.0,129.31,0.0,6.0,0.0
15432,7.0,230.57,0.0,2.0,0.0
15434,4.0,119.5,0.0,0.0,0.0
15434,18.0,592.33,0.0,12.0,0.0
15435,10.0,124.5,0.0,5.0,0.0
15436,7.0,159.71,0.0,4.0,0.0
15438,2.0,179.0,0.0,0.0,0.0
15439,2.0,179.0,0.0,0.0,0.0
15440,2.0,179.0,0.0,0.0,0.0
15440,3.0,139.33,0.0,0.0,0.0
15443,5.0,110.0,2.0,0.0,0.0
15444,3.0,141.33,1.0,0.0,0.0
15445,2.0,179.0,0.0,0.0,0.0
15446,2.0,179.0,0.0,0.0,0.0
15447,8.0,123.38,0.0,4.0,0.0
15448,10.0,103.8,0.0,2.0,0.0
15450,6.0,187.5,0.0,1.0,0.0
15451,2.0,179.0,0.0,0.0,0.0
15452,2.0,179.0,0.0,0.0,0.0
15453,3.0,207.0,0.0,0.0,0.0
15453,11.0,128.45,0.0,5.0,0.0
15454,6.0,129.83,0.0,2.0,0.0
15455,4.0,154.0,0.0,1.0,0.0
15460,6.0,286.67,0.0,4.0,0.0
15461,7.0,210.0,0.0,3.0,0.0
15463,7.0,222.14,0.0,5.0,0.0
15465,3.0,147.67,0.0,1.0,0.0
15466,7.0,248.57,0.0,4.0,0.0
15467,12.0,758.67,0.0,10.0,0.0
15475,12.0,147.83,0.0,6.0,0.0
15477,2.0,179.0,0.0,0.0,0.0
15478,13.0,132.31,0.0,10.0,0.0
15480,10.0,193.4,0.0,6.0,0.0
15481,3.0,139.33,0.0,0.0,0.0
15484,3.0,139.33,0.0,0.0,0.0
15485,3.0,139.33,0.0,0.0,0.0
15486,2.0,179.0,0.0,0.0,0.0
15488,2.0,179.0,0.0,0.0,0.0
15489,2.0,179.0,0.0,0.0,0.0
15490,3.0,139.33,0.0,0.0,0.0
15493,14.0,94.57,0.0,10.0,0.0
15494,4.0,119.5,0.0,0.0,0.0
15495,3.0,139.33,0.0,0.0,0.0
15495,10.0,112.4,0.0,2.0,0.0
15498,3.0,139.33,0.0,0.0,0.0
15499,3.0,139.33,0.0,0.0,0.0
15501,3.0,139.33,0.0,0.0,0.0
15502,9.0,96.33,0.0,4.0,0.0
15504,7.0,130.43,2.0,0.0,0.0
15506,2.0,179.0,0.0,0.0,0.0
15506,6.0,122.67,0.0,1.0,0.0
15507,4.0,173.75,0.0,0.0,0.0
15509,2.0,179.0,0.0,0.0,0.0
15509,3.0,139.33,0.0,0.0,0.0
15511,2.0,179.0,0.0,0.0,0.0
15512,10.0,137.6,0.0,6.0,0.0
15513,8.0,129.25,0.0,4.0,0.0
15514,5.0,115.4,0.0,0.0,0.0
15515,3.0,139.33,0.0,0.0,0.0
15516,2.0,179.0,0.0,0.0,0.0
15518,2.0,179.0,0.0,0.0,0.0
15520,2.0,179.0,0.0,0.0,0.0
15520,3.0,139.33,0.0,0.0,0.0
15523,2.0,179.0,0.0,0.0,0.0
15526,2.0,179.0,0.0,0.0,0.0
15527,10.0,200.4,3.0,2.0,1.0
15530,11.0,131.91,0.0,8.0,0.0
15533,2.0,179.0,0.0,0.0,0.0
15534,7.0,158.29,0.0,2.0,0.0
15536,3.0,139.33,0.0,0.0,0.0
15536,10.0,189.4,0.0,3.0,0.0
15541,2.0,179.0,0.0,0.0,0.0
15542,4.0,137.0,0.0,2.0,0.0
15544,2.0,179.0,0.0,0.0,0.0
15545,9.0,101.22,0.0,5.0,0.0
15548,3.0,139.33,0.0,0.0,0.0
15552,7.0,107.86,0.0,5.0,0.0
15556,2.0,179.0,0.0,0.0,0.0
15562,6.0,112.83,0.0,3.0,0.0
15562,8.0,99.62,0.0,3.0,0.0
15563,9.0,101.56,0.0,4.0,0.0
15566,4.0,173.75,0.0,0.0,0.0
15572,2.0,179.0,0.0,0.0,0.0
15575,8.0,117.25,0.0,4.0,0.0
15579,6.0,203.67,0.0,4.0,0.0
15582,5.0,124.6,0.0,3.0,0.0
15584,9.0,200.22,0.0,3.0,0.0
15585,3.0,255.33,0.0,0.0,0.0
15586,3.0,308.33,0.0,0.0,0.0
15587,3.0,220.0,0.0,0.0,0.0
15589,5.0,124.0,0.0,1.0,0.0
15591,10.0,263.0,0.0,4.0,0.0
15592,3.0,261.67,0.0,0.0,0.0
15595,4.0,139.25,0.0,0.0,0.0
15596,3.0,165.67,0.0,0.0,0.0
15598,6.0,117.33,0.0,4.0,0.0
15598,8.0,103.0,0.0,4.0,0.0
15599,5.0,107.6,0.0,0.0,0.0
15601,4.0,119.5,0.0,0.0,0.0
15603,6.0,188.67,1.0,1.0,0.0
15604,9.0,169.33,0.0,3.0,0.0
15605,7.0,258.43,0.0,3.0,0.0
15606,3.0,165.67,0.0,0.0,0.0
15606,5.0,123.4,0.0,0.0,0.0
15607,3.0,139.33,0.0,0.0,0.0
15609,7.0,172.71,0.0,4.0,0.0
15610,4.0,130.25,0.0,1.0,0.0
15611,2.0,179.0,0.0,0.0,0.0
15611,4.0,119.5,0.0,0.0,0.0
15612,11.0,142.73,0.0,4.0,0.0
19319,2.0,149.5,1.0,0.0,0.0
19320,12.0,421.25,6.0,5.0,0.0
19321,13.0,428.85,2.0,10.0,0.0
19322,7.0,364.71,3.0,3.0,0.0
19323,6.0,167.5,2.0,1.0,0.0
19324,2.0,118.0,1.0,0.0,0.0
19325,1.0,238.0,1.0,0.0,0.0
19326,2.0,153.0,1.0,1.0,0.0
19327,9.0,299.56,4.0,2.0,0.0
19329,2.0,149.5,1.0,0.0,0.0
19330,17.0,406.29,12.0,4.0,0.0
19331,4.0,357.25,2.0,1.0,0.0
19332,14.0,470.79,6.0,7.0,0.0
19334,1.0,67.0,0.0,1.0,0.0
19335,9.0,663.22,0.0,8.0,0.0
19338,19.0,331.37,1.0,15.0,0.0
19339,15.0,199.6,4.0,5.0,0.0
19340,5.0,406.6,3.0,1.0,0.0
19341,2.0,149.5,1.0,0.0,0.0
19342,3.0,123.67,1.0,2.0,0.0
19343,1.0,169.0,0.0,1.0,0.0
19345,5.0,436.0,4.0,0.0,0.0
19348,8.0,323.88,3.0,1.0,0.0
19350,5.0,400.2,3.0,0.0,0.0
19351,7.0,368.71,4.0,2.0,0.0
19352,4.0,169.25,2.0,0.0,0.0
19354,5.0,436.0,4.0,0.0,0.0
19355,4.0,485.25,3.0,0.0,0.0
19356,7.0,374.86,3.0,3.0,0.0
19357,9.0,271.56,8.0,0.0,0.0
19358,1.0,239.0,1.0,0.0,0.0
19359,1.0,238.0,1.0,0.0,0.0
19359,7.0,545.86,6.0,0.0,0.0
19360,7.0,337.14,4.0,0.0,0.0
19362,8.0,355.88,4.0,3.0,0.0
19363,3.0,69.33,0.0,3.0,0.0
19364,7.0,596.43,0.0,6.0,0.0
22525,3.0,93.33,0.0,1.0,0.0
22526,1.0,229.0,0.0,0.0,0.0
22527,3.0,154.0,0.0,1.0,0.0
22529,3.0,166.0,0.0,1.0,0.0
22529,4.0,139.5,0.0,1.0,0.0
22529,4.0,139.5,0.0,1.0,0.0
22603,1.0,253.0,0.0,0.0,0.0
22603,1.0,253.0,0.0,0.0,0.0
22603,1.0,253.0,0.0,0.0,0.0
22605,1.0,60.0,0.0,0.0,0.0
22606,3.0,86.33,0.0,3.0,0.0
22606,3.0,86.33,0.0,3.0,0.0
22606,3.0,86.33,0.0,3.0,0.0
22606,3.0,86.33,0.0,3.0,0.0
22611,2.0,243.0,0.0,1.0,0.0
22614,3.0,341.0,0.0,3.0,0.0
22617,14.0,296.36,0.0,14.0,0.0
22620,11.0,546.45,0.0,11.0,0.0
22623,4.0,81.25,1.0,3.0,0.0
22624,12.0,139.25,6.0,6.0,0.0
22624,17.0,151.29,11.0,6.0,0.0
2458,1.0,123.0,0.0,0.0,0.0
2459,4.0,86.75,2.0,0.0,0.0
2460,7.0,146.14,0.0,3.0,0.0
2461,5.0,248.6,0.0,2.0,0.0
2462,1.0,66.0,1.0,0.0,0.0
2462,2.0,63.0,1.0,0.0,0.0
2464,1.0,60.0,0.0,0.0,0.0
2465,4.0,78.5,2.0,0.0,0.0
2466,1.0,60.0,0.0,0.0,0.0
2468,4.0,92.25,4.0,0.0,0.0
2472,12.0,444.92,0.0,12.0,0.0
2472,13.0,415.31,0.0,12.0,0.0
2472,13.0,415.31,0.0,12.0,0.0
2476,10.0,575.7,9.0,0.0,0.0
2481,10.0,94.6,0.0,10.0,0.0
2489,9.0,110.56,0.0,8.0,0.0
2495,2.0,82.0,1.0,0.0,0.0
2502,9.0,92.0,0.0,8.0,0.0
2503,9.0,154.33,0.0,8.0,0.0
2504,1.0,123.0,0.0,0.0,0.0
2504,2.0,91.5,0.0,0.0,0.0
2505,12.0,82.08,3.0,8.0,0.0
2510,8.0,123.25,0.0,1.0,0.0
2512,1.0,60.0,0.0,0.0,0.0
2515,8.0,82.0,1.0,5.0,0.0
2521,1.0,310.0,0.0,0.0,0.0
2522,7.0,82.29,0.0,6.0,0.0
2523,10.0,88.0,3.0,5.0,0.0
2525,2.0,91.5,0.0,0.0,0.0
2528,4.0,64.5,3.0,0.0,0.0
2529,5.0,78.8,4.0,0.0,0.0
2533,3.0,64.67,0.0,2.0,0.0
2534,4.0,123.25,0.0,4.0,0.0
2535,5.0,193.2,0.0,2.0,0.0
2536,9.0,96.56,1.0,7.0,0.0
2537,2.0,60.0,1.0,0.0,0.0
2543,1.0,60.0,0.0,0.0,0.0
2546,1.0,123.0,0.0,0.0,0.0
2547,1.0,123.0,0.0,0.0,0.0
2548,2.0,91.5,0.0,0.0,0.0
2554,3.0,103.33,0.0,1.0,0.0
2555,4.0,197.5,0.0,2.0,0.0
2556,8.0,86.12,0.0,8.0,0.0
2560,2.0,63.0,1.0,0.0,0.0
2562,1.0,60.0,0.0,0.0,0.0
2564,2.0,63.0,1.0,0.0,0.0
2568,3.0,95.33,0.0,1.0,0.0
2570,2.0,91.5,0.0,0.0,0.0
2573,12.0,98.83,1.0,7.0,0.0
2574,3.0,170.0,0.0,1.0,0.0
2577,1.0,60.0,0.0,0.0,0.0
2578,1.0,60.0,0.0,0.0,0.0
2581,2.0,103.0,0.0,1.0,0.0
2582,4.0,92.0,0.0,2.0,0.0
2583,3.0,95.33,0.0,1.0,0.0
2583,5.0,81.2,0.0,1.0,0.0
2585,4.0,92.0,0.0,2.0,0.0
2589,3.0,97.33,1.0,1.0,0.0
2591,4.0,105.0,0.0,2.0,0.0
2592,1.0,60.0,0.0,0.0,0.0
2593,2.0,251.0,0.0,1.0,0.0
2594,2.0,129.0,0.0,1.0,0.0
2595,1.0,60.0,0.0,0.0,0.0
2596,1.0,135.0,0.0,0.0,0.0
2600,2.0,266.0,0.0,1.0,0.0
2601,8.0,406.5,0.0,4.0,0.0
2602,10.0,251.0,0.0,5.0,0.0
2606,9.0,193.67,1.0,6.0,0.0
2606,10.0,180.3,1.0,6.0,0.0
2609,8.0,83.88,4.0,4.0,0.0
2613,3.0,95.33,0.0,1.0,0.0
2615,1.0,60.0,0.0,0.0,0.0
3067,2.0,85.0,2.0,0.0,0.0
3068,2.0,82.0,2.0,0.0,0.0
3070,3.0,151.0,0.0,2.0,0.0
3072,18.0,100.11,18.0,0.0,0.0
3073,13.0,102.0,13.0,0.0,0.0
3161,4.0,102.0,4.0,0.0,0.0
3162,4.0,102.0,4.0,0.0,0.0
3163,4.0,102.0,4.0,0.0,0.0
3163,14.0,214.93,10.0,2.0,0.0
3164,1.0,123.0,0.0,0.0,0.0
3165,2.0,82.0,2.0,0.0,0.0
3166,3.0,66.0,3.0,0.0,0.0
3167,2.0,85.0,2.0,0.0,0.0
3169,1.0,66.0,1.0,0.0,0.0
3169,1.0,66.0,1.0,0.0,0.0
3169,1.0,66.0,1.0,0.0,0.0
3171,2.0,82.0,2.0,0.0,0.0
3173,10.0,94.8,1.0,7.0,0.0
3174,1.0,86.0,0.0,1.0,0.0
3175,2.0,82.0,2.0,0.0,0.0
3177,1.0,310.0,0.0,0.0,0.0
3177,6.0,117.33,4.0,0.0,0.0
3178,11.0,174.0,11.0,0.0,0.0
3180,7.0,157.71,6.0,0.0,0.0
3181,3.0,112.67,3.0,0.0,0.0
3181,4.0,99.5,3.0,0.0,0.0
3183,2.0,82.0,1.0,0.0,0.0
3184,18.0,182.39,17.0,0.0,0.0
3249,4.0,187.5,2.0,1.0,0.0
3250,4.0,179.5,0.0,2.0,0.0
3251,5.0,95.6,1.0,2.0,0.0
3252,2.0,85.0,2.0,0.0,0.0
3254,1.0,725.0,0.0,0.0,0.0
3254,11.0,374.64,8.0,1.0,0.0
3254,11.0,374.64,8.0,1.0,0.0
3254,11.0,374.64,8.0,1.0,0.0
3257,9.0,102.67,3.0,5.0,0.0
3257,9.0,102.67,3.0,5.0,0.0
3257,9.0,102.67,3.0,5.0,0.0
3260,16.0,430.12,4.0,12.0,0.0
3264,3.0,620.33,3.0,0.0,0.0
3264,3.0,620.33,3.0,0.0,0.0
3267,1.0,66.0,1.0,0.0,0.0
3268,2.0,66.0,2.0,0.0,0.0
3268,5.0,89.6,3.0,1.0,0.0
3270,4.0,66.0,4.0,0.0,0.0
3271,1.0,120.0,0.0,0.0,0.0
3272,4.0,143.0,0.0,1.0,0.0
3273,2.0,94.5,1.0,0.0,0.0
3274,5.0,83.6,2.0,1.0,0.0
3275,2.0,60.0,0.0,0.0,0.0
3276,1.0,209.0,0.0,0.0,0.0
3276,3.0,253.67,0.0,1.0,0.0
3279,1.0,104.0,1.0,0.0,0.0
3279,3.0,89.33,3.0,0.0,0.0
3280,3.0,572.0,0.0,1.0,0.0
3280,3.0,572.0,0.0,1.0,0.0
3282,2.0,63.0,1.0,0.0,0.0
3283,2.0,85.0,2.0,0.0,0.0
3283,2.0,85.0,2.0,0.0,0.0
3285,7.0,316.86,7.0,0.0,0.0
3288,3.0,78.67,3.0,0.0,0.0
3289,1.0,66.0,1.0,0.0,0.0
3289,4.0,66.0,4.0,0.0,0.0
3291,3.0,72.67,2.0,1.0,0.0
3294,1.0,104.0,1.0,0.0,0.0
3294,8.0,89.0,5.0,2.0,0.0
3295,7.0,323.71,5.0,1.0,0.0
3296,1.0,123.0,0.0,0.0,0.0
3297,1.0,66.0,1.0,0.0,0.0
3297,1.0,66.0,1.0,0.0,0.0
3299,3.0,95.33,3.0,0.0,0.0
3300,1.0,66.0,1.0,0.0,0.0
3300,1.0,66.0,1.0,0.0,0.0
3302,2.0,110.0,0.0,1.0,0.0
3303,5.0,124.0,4.0,0.0,0.0
3304,6.0,98.33,0.0,2.0,0.0
3306,5.0,199.0,0.0,2.0,0.0
3306,15.0,178.6,2.0,6.0,0.0
3306,15.0,178.6,2.0,6.0,0.0
3309,3.0,228.67,1.0,1.0,0.0
3310,4.0,86.0,0.0,4.0,0.0
3311,1.0,107.0,0.0,0.0,0.0
3311,1.0,107.0,0.0,0.0,0.0
3312,6.0,104.17,6.0,0.0,1.0
3314,1.0,104.0,1.0,0.0,0.0
3315,11.0,233.73,9.0,1.0,0.0
3316,3.0,159.67,0.0,1.0,0.0
3318,6.0,87.17,5.0,0.0,0.0
3318,10.0,195.3,5.0,2.0,0.0
3320,12.0,544.0,0.0,12.0,0.0
3322,1.0,66.0,1.0,0.0,0.0
3322,1.0,66.0,1.0,0.0,0.0
3323,3.0,85.33,2.0,1.0,0.0
3325,1.0,66.0,1.0,0.0,0.0
3325,9.0,271.89,7.0,2.0,0.0
3326,6.0,86.0,0.0,6.0,0.0
3327,3.0,83.67,2.0,1.0,0.0
3328,5.0,120.0,2.0,1.0,0.0
3329,4.0,148.5,1.0,1.0,0.0
3330,16.0,102.0,16.0,0.0,0.0
3331,16.0,102.0,16.0,0.0,0.0
3333,15.0,102.0,15.0,0.0,0.0
3334,17.0,102.12,17.0,0.0,0.0
3335,17.0,101.06,17.0,0.0,0.0
3336,14.0,102.0,14.0,0.0,0.0
3337,14.0,102.0,14.0,0.0,0.0
3338,14.0,102.0,14.0,0.0,0.0
3339,13.0,102.0,13.0,0.0,0.0
3340,5.0,88.4,1.0,1.0,0.0
3340,5.0,88.4,1.0,1.0,0.0
3342,1.0,66.0,1.0,0.0,0.0
3343,13.0,134.15,7.0,6.0,0.0
3345,3.0,94.33,0.0,1.0,0.0
3345,14.0,280.86,6.0,3.0,0.0
3346,1.0,66.0,1.0,0.0,0.0
3348,15.0,102.0,15.0,0.0,0.0
3349,17.0,102.94,15.0,1.0,0.0
3350,4.0,141.75,3.0,0.0,0.0
3351,7.0,102.0,7.0,0.0,0.0
3352,7.0,102.0,7.0,0.0,0.0
3353,6.0,102.0,6.0,0.0,0.0
3354,6.0,102.0,6.0,0.0,0.0
3355,4.0,84.0,4.0,0.0,0.0
3356,5.0,98.8,4.0,1.0,0.0
3357,4.0,102.0,4.0,0.0,0.0
3357,17.0,99.53,16.0,0.0,0.0
3386,6.0,162.83,6.0,0.0,0.0
3386,6.0,162.83,6.0,0.0,0.0
3388,1.0,60.0,0.0,0.0,0.0
3389,6.0,76.67,5.0,0.0,0.0
3394,1.0,104.0,1.0,0.0,0.0
3394,12.0,89.0,3.0,6.0,0.0
3396,7.0,338.71,5.0,1.0,0.0
3397,3.0,93.33,0.0,1.0,0.0
3399,4.0,82.25,2.0,0.0,0.0
3401,2.0,82.0,2.0,0.0,0.0
3401,3.0,74.67,2.0,0.0,0.0
3404,6.0,93.33,4.0,1.0,0.0
3405,8.0,104.25,0.0,3.0,0.0
3406,5.0,162.2,0.0,2.0,0.0
3407,3.0,79.33,0.0,1.0,0.0
3409,7.0,132.0,3.0,2.0,0.0
3410,2.0,82.0,2.0,0.0,0.0
3410,3.0,74.67,2.0,0.0,0.0
3412,7.0,82.29,0.0,6.0,0.0
3413,2.0,82.0,2.0,0.0,0.0
3414,13.0,397.38,2.0,11.0,0.0
3416,12.0,224.92,8.0,2.0,0.0
3417,1.0,285.0,0.0,0.0,0.0
3417,1.0,285.0,0.0,0.0,0.0
3420,1.0,188.0,0.0,0.0,0.0
3420,9.0,272.67,0.0,4.0,0.0
3422,6.0,188.0,2.0,2.0,0.0
3423,5.0,207.2,0.0,3.0,0.0
3424,3.0,76.67,2.0,0.0,0.0
3426,2.0,63.0,1.0,0.0,0.0
3427,2.0,103.0,0.0,1.0,0.0
3427,13.0,220.46,0.0,6.0,0.0
3429,4.0,87.0,2.0,2.0,0.0
3431,1.0,107.0,0.0,0.0,0.0
3431,5.0,116.2,2.0,1.0,0.0
3431,5.0,116.2,2.0,1.0,0.0
3433,1.0,66.0,1.0,0.0,0.0
3434,5.0,97.2,3.0,1.0,0.0
3434,5.0,97.2,3.0,1.0,0.0
3436,5.0,407.8,5.0,0.0,0.0
3437,3.0,76.67,3.0,0.0,0.0
3437,3.0,76.67,3.0,0.0,0.0
3439,1.0,104.0,1.0,0.0,0.0
3441,12.0,101.67,12.0,0.0,0.0
3462,1.0,66.0,1.0,0.0,0.0
3463,4.0,86.0,0.0,4.0,0.0
3465,7.0,159.43,1.0,2.0,0.0
3466,12.0,459.08,1.0,5.0,0.0
3469,6.0,233.5,2.0,2.0,0.0
3471,3.0,109.67,0.0,2.0,0.0
3472,1.0,123.0,0.0,0.0,0.0
3476,5.0,407.8,5.0,0.0,0.0
3565,4.0,78.25,0.0,3.0,0.0
4923,3.0,62.0,0.0,1.0,0.0
4925,3.0,74.0,0.0,0.0,0.0
4926,1.0,60.0,0.0,0.0,0.0
4928,2.0,125.0,0.0,1.0,0.0
4929,18.0,466.5,10.0,3.0,0.0
4930,6.0,340.0,0.0,2.0,0.0
4931,9.0,98.11,5.0,4.0,1.0
4934,3.0,546.0,0.0,1.0,0.0
4934,3.0,546.0,0.0,1.0,0.0
4937,3.0,78.67,3.0,0.0,0.0
4937,3.0,78.67,3.0,0.0,0.0
4939,2.0,82.0,2.0,0.0,0.0
4947,6.0,107.67,0.0,4.0,0.0
4949,6.0,76.67,4.0,1.0,0.0
4952,10.0,279.3,1.0,8.0,0.0
4953,13.0,558.46,0.0,12.0,0.0
4953,17.0,477.41,0.0,14.0,0.0
4955,5.0,91.2,3.0,1.0,0.0
4958,18.0,410.5,2.0,16.0,0.0
4959,6.0,277.0,0.0,3.0,0.0
4961,4.0,249.25,0.0,3.0,0.0
4961,14.0,127.86,6.0,7.0,0.0
4962,18.0,626.11,0.0,17.0,0.0
4965,17.0,241.29,0.0,8.0,0.0
4967,1.0,382.0,0.0,0.0,0.0
4967,9.0,157.11,4.0,2.0,0.0
4971,1.0,66.0,1.0,0.0,0.0
4972,1.0,540.0,0.0,0.0,0.0
4973,1.0,99.0,0.0,0.0,0.0
4973,11.0,113.18,4.0,2.0,0.0
4974,13.0,268.62,0.0,6.0,0.0
4976,2.0,372.0,0.0,1.0,0.0
4978,1.0,60.0,0.0,0.0,0.0
4978,1.0,60.0,0.0,0.0,0.0
4979,7.0,84.29,4.0,3.0,0.0
4980,4.0,197.5,0.0,2.0,0.0
4982,1.0,99.0,0.0,0.0,0.0
4982,7.0,85.57,2.0,4.0,0.0
4983,7.0,246.29,0.0,5.0,0.0
4983,7.0,246.29,0.0,5.0,0.0
4986,3.0,89.33,3.0,0.0,0.0
4987,2.0,97.5,0.0,0.0,0.0
4989,1.0,66.0,1.0,0.0,0.0
4990,6.0,165.0,0.0,3.0,0.0
4991,7.0,93.29,3.0,3.0,0.0
4991,8.0,89.88,4.0,3.0,0.0
4991,8.0,89.88,4.0,3.0,0.0
4994,7.0,386.57,0.0,3.0,0.0
4995,3.0,693.67,0.0,1.0,0.0
4997,3.0,153.33,0.0,1.0,0.0
5001,1.0,66.0,1.0,0.0,0.0
5001,4.0,691.5,2.0,1.0,0.0
5001,4.0,691.5,2.0,1.0,0.0
5004,1.0,104.0,1.0,0.0,0.0
5004,3.0,89.33,3.0,0.0,0.0
5006,1.0,66.0,1.0,0.0,0.0
10195,3.0,106.67,0.0,2.0,0.0
10196,4.0,122.0,2.0,1.0,0.0
10197,9.0,359.78,5.0,2.0,0.0
10198,3.0,77.0,2.0,0.0,0.0
10200,1.0,66.0,1.0,0.0,0.0
10200,1.0,66.0,1.0,0.0,0.0
10202,3.0,158.0,2.0,1.0,0.0
10203,2.0,102.0,2.0,0.0,0.0
10224,3.0,112.0,2.0,0.0,0.0
10224,3.0,112.0,2.0,0.0,0.0
10224,3.0,112.0,2.0,0.0,0.0
10226,3.0,76.67,3.0,0.0,0.0
10229,17.0,336.76,0.0,4.0,0.0
10230,3.0,335.67,0.0,1.0,0.0
10232,5.0,171.4,3.0,0.0,0.0
10233,2.0,337.0,0.0,0.0,0.0
10234,4.0,341.5,0.0,2.0,0.0
10235,2.0,266.0,0.0,0.0,0.0
10236,1.0,472.0,0.0,0.0,0.0
10237,3.0,119.67,0.0,1.0,0.0
10238,2.0,204.0,0.0,1.0,0.0
10238,10.0,165.4,2.0,4.0,0.0
10239,9.0,257.78,2.0,3.0,0.0
10241,6.0,196.67,0.0,2.0,0.0
10242,3.0,306.33,0.0,1.0,0.0
10243,3.0,136.67,1.0,1.0,0.0
10243,6.0,106.83,3.0,1.0,0.0
10244,2.0,357.0,0.0,1.0,0.0
10245,8.0,86.25,2.0,5.0,0.0
10247,1.0,578.0,0.0,0.0,0.0
10249,1.0,66.0,1.0,0.0,0.0
10249,2.0,63.0,1.0,0.0,0.0
10249,2.0,63.0,1.0,0.0,0.0
10252,1.0,66.0,1.0,0.0,0.0
10252,1.0,66.0,1.0,0.0,0.0
10254,3.0,273.0,1.0,1.0,0.0
10254,3.0,273.0,1.0,1.0,0.0
10256,1.0,66.0,1.0,0.0,0.0
10257,10.0,256.7,10.0,0.0,1.0
10259,5.0,79.0,4.0,0.0,0.0
10259,5.0,79.0,4.0,0.0,0.0
10259,5.0,79.0,4.0,0.0,0.0
10262,1.0,66.0,1.0,0.0,0.0
10263,1.0,86.0,0.0,1.0,0.0
10263,5.0,85.8,2.0,3.0,0.0
10265,3.0,74.67,2.0,0.0,0.0
10265,3.0,74.67,2.0,0.0,0.0
10267,1.0,60.0,0.0,0.0,0.0
10268,6.0,363.17,3.0,1.0,0.0
10269,5.0,373.4,0.0,2.0,0.0
10270,1.0,427.0,0.0,0.0,0.0
10270,3.0,197.0,2.0,0.0,0.0
10272,5.0,422.0,0.0,2.0,0.0
10272,8.0,323.62,0.0,4.0,0.0
10274,1.0,66.0,1.0,0.0,0.0
10274,1.0,66.0,1.0,0.0,0.0
10274,1.0,66.0,1.0,0.0,0.0
10274,1.0,66.0,1.0,0.0,0.0
10274,1.0,66.0,1.0,0.0,0.0
10274,1.0,66.0,1.0,0.0,0.0
10274,1.0,66.0,1.0,0.0,0.0
10274,1.0,66.0,1.0,0.0,0.0
10274,1.0,66.0,1.0,0.0,0.0
10274,1.0,66.0,1.0,0.0,0.0
10274,1.0,66.0,1.0,0.0,0.0
10274,1.0,66.0,1.0,0.0,0.0
10274,1.0,66.0,1.0,0.0,0.0
10274,1.0,66.0,1.0,0.0,0.0
10274,1.0,66.0,1.0,0.0,0.0
10274,1.0,66.0,1.0,0.0,0.0
10274,1.0,66.0,1.0,0.0,0.0
10274,1.0,66.0,1.0,0.0,0.0
10274,1.0,66.0,1.0,0.0,0.0
10274,1.0,66.0,1.0,0.0,0.0
10274,1.0,66.0,1.0,0.0,0.0
10274,1.0,66.0,1.0,0.0,0.0
10274,1.0,66.0,1.0,0.0,0.0
10274,1.0,66.0,1.0,0.0,0.0
10274,1.0,66.0,1.0,0.0,0.0
10274,1.0,66.0,1.0,0.0,0.0
10274,1.0,66.0,1.0,0.0,0.0
10274,1.0,66.0,1.0,0.0,0.0
10274,1.0,66.0,1.0,0.0,0.0
10274,1.0,66.0,1.0,0.0,0.0
10274,1.0,66.0,1.0,0.0,0.0
10274,1.0,66.0,1.0,0.0,0.0
10274,1.0,66.0,1.0,0.0,0.0
10274,1.0,66.0,1.0,0.0,0.0
10274,1.0,66.0,1.0,0.0,0.0
10274,1.0,66.0,1.0,0.0,0.0
10274,1.0,66.0,1.0,0.0,0.0
10274,1.0,66.0,1.0,0.0,0.0
10274,1.0,66.0,1.0,0.0,0.0
10274,1.0,66.0,1.0,0.0,0.0
10274,1.0,66.0,1.0,0.0,0.0
10274,1.0,66.0,1.0,0.0,0.0
10274,1.0,66.0,1.0,0.0,0.0
10274,1.0,66.0,1.0,0.0,0.0
10274,1.0,66.0,1.0,0.0,0.0
10274,1.0,66.0,1.0,0.0,0.0
10274,1.0,66.0,1.0,0.0,0.0
10274,1.0,66.0,1.0,0.0,0.0
10274,1.0,66.0,1.0,0.0,0.0
10274,1.0,66.0,1.0,0.0,0.0
10274,1.0,66.0,1.0,0.0,0.0
10274,1.0,66.0,1.0,0.0,0.0
10274,1.0,66.0,1.0,0.0,0.0
10274,1.0,66.0,1.0,0.0,0.0
10274,1.0,66.0,1.0,0.0,0.0
10274,1.0,66.0,1.0,0.0,0.0
10274,1.0,66.0,1.0,0.0,0.0
10274,1.0,66.0,1.0,0.0,0.0
10274,1.0,66.0,1.0,0.0,0.0
10274,1.0,66.0,1.0,0.0,0.0
10274,1.0,66.0,1.0,0.0,0.0
10274,1.0,66.0,1.0,0.0,0.0
10274,1.0,66.0,1.0,0.0,0.0
10274,1.0,66.0,1.0,0.0,0.0
10274,1.0,66.0,1.0,0.0,0.0
10274,1.0,66.0,1.0,0.0,0.0
10274,1.0,66.0,1.0,0.0,0.0
10274,1.0,66.0,1.0,0.0,0.0
10274,1.0,66.0,1.0,0.0,0.0
10274,1.0,66.0,1.0,0.0,0.0
10274,1.0,66.0,1.0,0.0,0.0
10274,1.0,66.0,1.0,0.0,0.0
10274,1.0,66.0,1.0,0.0,0.0
10274,1.0,66.0,1.0,0.0,0.0
10274,1.0,66.0,1.0,0.0,0.0
10274,1.0,66.0,1.0,0.0,0.0
10274,1.0,66.0,1.0,0.0,0.0
10274,1.0,66.0,1.0,0.0,0.0
10274,1.0,66.0,1.0,0.0,0.0
10274,1.0,66.0,1.0,0.0,0.0
10274,1.0,66.0,1.0,0.0,0.0
10274,1.0,66.0,1.0,0.0,0.0
10274,1.0,66.0,1.0,0.0,0.0
10274,1.0,66.0,1.0,0.0,0.0
10274,1.0,66.0,1.0,0.0,0.0
10274,1.0,66.0,1.0,0.0,0.0
10274,1.0,66.0,1.0,0.0,0.0
10274,1.0,66.0,1.0,0.0,0.0
10274,1.0,66.0,1.0,0.0,0.0
10274,1.0,66.0,1.0,0.0,0.0
10274,1.0,66.0,1.0,0.0,0.0
10274,1.0,66.0,1.0,0.0,0.0
10274,1.0,66.0,1.0,0.0,0.0
10274,1.0,66.0,1.0,0.0,0.0
10274,1.0,66.0,1.0,0.0,0.0
10274,1.0,66.0,1.0,0.0,0.0
10274,1.0,66.0,1.0,0.0,0.0
10274,1.0,66.0,1.0,0.0,0.0
10274,1.0,66.0,1.0,0.0,0.0
10274,1.0,66.0,1.0,0.0,0.0
10274,1.0,66.0,1.0,0.0,0.0
10274,1.0,66.0,1.0,0.0,0.0
10274,1.0,66.0,1.0,0.0,0.0
10274,1.0,66.0,1.0,0.0,0.0
10274,1.0,66.0,1.0,0.0,0.0
10274,1.0,66.0,1.0,0.0,0.0
10274,1.0,66.0,1.0,0.0,0.0
10274,1.0,66.0,1.0,0.0,0.0
10274,1.0,66.0,1.0,0.0,0.0
10274,1.0,66.0,1.0,0.0,0.0
10274,1.0,66.0,1.0,0.0,0.0
10274,1.0,66.0,1.0,0.0,0.0
10274,1.0,66.0,1.0,0.0,0.0
10274,1.0,66.0,1.0,0.0,0.0
10274,1.0,66.0,1.0,0.0,0.0
10274,1.0,66.0,1.0,0.0,0.0
10274,1.0,66.0,1.0,0.0,0.0
10274,1.0,66.0,1.0,0.0,0.0
10274,1.0,66.0,1.0,0.0,0.0
10274,1.0,66.0,1.0,0.0,0.0
10274,1.0,66.0,1.0,0.0,0.0
10274,1.0,66.0,1.0,0.0,0.0
10274,1.0,66.0,1.0,0.0,0.0
10274,1.0,66.0,1.0,0.0,0.0
10274,1.0,66.0,1.0,0.0,0.0
10274,1.0,66.0,1.0,0.0,0.0
10274,1.0,66.0,1.0,0.0,0.0
10274,1.0,66.0,1.0,0.0,0.0
10274,1.0,66.0,1.0,0.0,0.0
10274,1.0,66.0,1.0,0.0,0.0
10274,1.0,66.0,1.0,0.0,0.0
10274,1.0,66.0,1.0,0.0,0.0
10274,1.0,66.0,1.0,0.0,0.0
10274,1.0,66.0,1.0,0.0,0.0
10274,1.0,66.0,1.0,0.0,0.0
10274,1.0,66.0,1.0,0.0,0.0
10274,1.0,66.0,1.0,0.0,0.0
10274,1.0,66.0,1.0,0.0,0.0
10274,1.0,66.0,1.0,0.0,0.0
10274,1.0,66.0,1.0,0.0,0.0
10274,1.0,66.0,1.0,0.0,0.0
10274,1.0,66.0,1.0,0.0,0.0
10274,1.0,66.0,1.0,0.0,0.0
10274,1.0,66.0,1.0,0.0,0.0
10274,1.0,66.0,1.0,0.0,0.0
10274,1.0,66.0,1.0,0.0,0.0
10274,1.0,66.0,1.0,0.0,0.0
10274,1.0,66.0,1.0,0.0,0.0
10274,1.0,66.0,1.0,0.0,0.0
10274,1.0,66.0,1.0,0.0,0.0
10274,1.0,66.0,1.0,0.0,0.0
10274,1.0,66.0,1.0,0.0,0.0
10274,1.0,66.0,1.0,0.0,0.0
10274,1.0,66.0,1.0,0.0,0.0
10274,1.0,66.0,1.0,0.0,0.0
10274,1.0,66.0,1.0,0.0,0.0
10274,1.0,66.0,1.0,0.0,0.0
10274,1.0,66.0,1.0,0.0,0.0
10274,1.0,66.0,1.0,0.0,0.0
10274,1.0,66.0,1.0,0.0,0.0
10274,1.0,66.0,1.0,0.0,0.0
10274,1.0,66.0,1.0,0.0,0.0
10274,1.0,66.0,1.0,0.0,0.0
10274,1.0,66.0,1.0,0.0,0.0
