timestamp,pkt_count,avg_pkt_len,tcp_count,udp_count,syn_count
15165,4,173.5,0,2,0
15166,9,191.44,2,4,0
15167,7,228.0,0,4,0
15169,1,408.0,0,0,0
15170,1,120.0,0,0,0
15170,16,335.75,0,7,0
15171,7,79.86,1,5,0
15172,11,295.09,3,4,0
15173,2,60.0,0,0,0
15174,3,96.33,0,0,0
15175,6,99.67,0,0,0
15177,5,107.6,0,0,0
15178,7,94.0,0,0,0
15179,5,107.6,0,0,0
15180,3,139.33,0,0,0
15180,20,74.1,2,0,0
15181,9,86.44,0,0,0
15182,5,107.6,0,0,0
15183,6,99.67,0,0,0
15184,13,109.08,2,1,0
15185,15,132.27,0,3,0
15186,13,99.54,0,2,0
15187,24,132.0,6,3,0
15188,73,727.55,0,59,0
15189,90,535.54,9,67,1
15190,17,105.24,0,3,0
15191,98,732.49,0,81,0
15192,17,75.0,0,2,0
15193,62,625.05,0,54,0
15194,6,158.0,0,1,0
15196,31,678.06,0,24,0
15197,86,969.15,0,84,0
15198,42,772.5,0,39,0
15199,34,405.18,0,30,0
15200,2,179.0,0,0,0
15201,2,179.0,0,0,0
15201,1048,1235.62,0,1045,0
15202,460,1245.38,0,456,0
15203,10,136.6,0,7,0
15204,4,121.0,1,0,0
15204,5,108.8,1,0,0
15206,520,1222.62,0,517,0
15207,7,106.29,0,4,0
15208,48,718.88,0,45,0
15209,13,119.38,0,10,0
15210,3,139.33,0,0,0
15211,4,119.5,0,0,0
15213,7,113.0,0,5,0
15214,7,113.0,0,5,0
15215,3,165.67,0,0,0
15215,4,139.25,0,0,0
15216,238,1222.14,0,233,0
15217,5,191.6,1,1,0
15218,2,179.0,0,0,0
15219,8,117.38,0,5,0
15220,8,350.38,0,6,0
15220,9,318.11,0,6,0
15222,3,139.33,0,0,0
15223,2,179.0,0,0,0
15223,3,139.33,0,0,0
15225,2,179.0,0,0,0
15225,3,139.33,0,0,0
15227,141,1210.52,3,136,1
15228,2,179.0,0,0,0
15230,4,135.75,0,2,0
15231,124,1230.46,0,122,0
15231,130,1177.25,0,126,0
15232,2,179.0,0,0,0
15233,33,1105.06,1,30,0
15234,6,139.33,0,2,0
15236,11,150.73,0,4,0
15237,3,274.67,0,0,0
15238,4,158.25,0,1,0
15238,14,269.5,0,5,0
15239,5,135.2,0,1,0
15240,2,179.0,0,0,0
15241,244,1277.38,0,242,0
15241,247,1263.0,0,243,0
15243,4,223.0,0,1,0
15243,5,190.4,0,1,0
15245,138,1257.66,0,135,0
15246,6,115.0,0,4,0
15246,7,107.14,0,4,0
15248,7,113.0,0,5,0
15249,4,121.0,1,0,0
15251,2,179.0,0,0,0
15251,148,1256.7,0,146,0
15252,2,179.0,0,0,0
15252,3,139.33,0,0,0
15254,12,351.0,0,5,0
15255,11,484.73,0,4,0
15256,173,1174.28,0,169,0
15258,3,561.67,0,0,0
15259,2,179.0,0,0,0
15260,2,179.0,0,0,0
15261,3,225.0,0,0,0
15261,28,387.96,0,12,0
15262,8,413.0,1,2,0
15264,157,1194.22,1,152,0
15265,8,415.12,0,2,0
15266,2,179.0,0,0,0
15266,3,139.33,0,0,0
15267,163,1219.17,0,156,0
15269,3,139.33,0,0,0
15269,3,139.33,0,0,0
15270,4,119.5,0,0,0
15272,6,112.0,0,3,0
15272,6,112.0,0,3,0
15273,8,210.0,0,2,0
15274,156,1247.28,0,152,0
15275,6,160.0,0,2,0
15277,2,179.0,0,0,0
15278,2,179.0,0,0,0
15278,4,122.5,2,0,0
15279,164,1242.96,0,160,0
15280,6,125.83,0,3,0
15280,6,125.83,0,3,0
15282,9,104.22,0,6,0
15284,4,119.5,0,0,0
15285,8,218.0,0,3,0
15286,22,566.18,0,16,0
15287,6,204.5,0,1,0
15288,5,182.4,0,1,0
15289,5,211.6,0,1,0
15290,128,1240.93,0,126,0
15291,3,180.0,0,0,0
15291,5,132.0,0,0,0
15293,2,179.0,0,0,0
15294,4,187.5,0,1,0
15294,19,248.53,0,8,0
15296,7,210.29,0,2,0
15297,144,1227.94,0,139,0
15298,4,180.0,0,0,0
15299,3,139.33,0,0,0
15300,3,139.33,0,0,0
15301,2,179.0,0,0,0
15302,2,179.0,0,0,0
15303,3,139.33,0,0,0
15303,10,133.4,0,3,0
15304,25,360.96,16,5,1
15305,27,157.15,15,4,0
15307,18,220.22,0,9,0
15308,4,211.25,0,0,0
15309,2,179.0,0,0,0
15309,8,245.75,1,2,0
15311,8,138.25,0,2,0
15312,2,179.0,0,0,0
15312,5,313.6,0,1,0
15314,3,139.33,0,0,0
15315,4,134.25,0,1,0
15316,4,139.25,0,0,0
15317,4,175.5,0,1,0
15318,3,139.33,0,0,0
15319,3,165.67,0,0,0
15320,12,439.5,0,10,0
15320,17,346.35,0,13,0
15322,18,942.78,0,14,0
15323,12,406.5,0,10,0
15324,4,121.0,1,0,0
15325,2,179.0,0,0,0
15325,3,139.33,0,0,0
15327,6,112.17,0,3,0
15328,3,139.33,0,0,0
15329,2,179.0,0,0,0
15330,4,156.0,0,0,0
15331,17,335.12,0,15,0
15331,23,313.61,0,17,0
15333,10,228.2,0,3,0
15334,17,208.12,0,6,0
15335,6,182.5,0,1,0
15336,13,156.23,0,7,0
15337,8,308.38,0,2,0
15338,4,224.0,0,1,0
15339,2,179.0,0,0,0
15339,128,1194.12,0,123,0
15341,2,179.0,0,0,0
15342,4,224.0,0,1,0
15342,5,191.2,0,1,0
15344,18,971.0,0,16,0
15345,5,130.4,0,3,0
15345,11,116.09,0,7,0
15347,2,179.0,0,0,0
15348,3,139.33,0,0,0
15349,2,179.0,0,0,0
15350,3,141.33,1,0,0
15351,124,1246.04,0,122,0
15353,8,111.88,1,3,0
15353,13,124.23,2,4,0
15354,10,99.8,0,6,0
15355,20,938.6,0,16,0
15356,6,122.67,0,1,0
15357,3,139.33,0,0,0
15358,2,179.0,0,0,0
15358,4,134.5,0,0,0
15360,7,125.0,0,0,0
15361,12,179.0,0,4,0
15362,6,219.5,0,2,0
15363,2,179.0,0,0,0
15363,9,226.44,0,5,0
15365,5,156.0,0,0,0
15366,3,139.33,0,0,0
15367,5,306.4,0,1,0
15368,130,1250.17,0,128,0
15369,3,141.33,1,0,0
15371,3,180.0,0,0,0
15371,8,118.38,0,4,0
15372,4,129.0,0,0,0
15373,3,139.33,0,0,0
15374,45,794.0,0,42,0
15375,20,643.25,0,17,0
15375,27,566.0,0,20,0
15377,2,179.0,0,0,0
15378,2,179.0,0,0,0
15378,130,1231.78,0,127,0
15380,2,179.0,0,0,0
15381,7,132.0,0,4,0
15382,2,179.0,0,0,0
15382,3,139.33,0,0,0
15384,29,835.45,1,25,0
15385,3,139.33,0,0,0
15385,7,115.14,0,1,0
15387,5,155.8,0,0,0
15388,7,113.0,0,5,0
15389,2,179.0,0,0,0
15390,5,182.4,0,1,0
15391,10,170.9,0,5,0
15393,3,255.33,0,0,0
15393,8,185.38,0,2,0
15394,32,952.97,0,27,0
15395,18,315.44,0,13,0
15396,9,147.56,0,5,0
15397,9,199.56,4,1,0
15398,4,150.0,0,1,0
15399,3,139.33,0,0,0
15401,4,150.0,0,0,0
15402,128,1265.3,0,126,0
15403,2,179.0,0,0,0
15404,2,179.0,0,0,0
15405,5,184.2,0,1,0
15406,3,148.33,0,1,0
15406,15,120.47,0,8,0
15407,149,1176.53,0,141,0
15408,6,136.5,0,0,0
15409,9,122.11,0,1,0
15411,35,1089.97,0,31,0
15412,5,193.2,0,1,0
15413,3,139.33,0,0,0
15414,2,179.0,0,0,0
15415,2,179.0,0,0,0
15415,7,174.0,0,2,0
15415,7,174.0,0,2,0
15417,3,139.33,0,0,0
15419,134,1218.66,0,131,0
15419,135,1210.08,0,131,0
15420,4,119.5,0,0,0
15422,6,124.33,0,3,0
15423,2,179.0,0,0,0
15424,6,124.5,0,2,0
15425,4,139.25,0,0,0
15426,3,165.67,0,0,0
15427,3,184.0,0,0,0
15427,13,221.38,0,4,0
15428,4,298.0,0,1,0
15429,121,1197.95,1,116,0
15430,7,262.0,0,2,0
15431,13,129.31,0,6,0
15432,7,230.57,0,2,0
15434,4,119.5,0,0,0
15434,18,592.33,0,12,0
15435,10,124.5,0,5,0
15436,7,159.71,0,4,0
15438,2,179.0,0,0,0
15439,2,179.0,0,0,0
15440,2,179.0,0,0,0
15440,3,139.33,0,0,0
15441,141,1195.18,0,135,0
15443,5,110.0,2,0,0
15444,3,141.33,1,0,0
15445,2,179.0,0,0,0
15445,55,1118.67,0,50,0
15446,2,179.0,0,0,0
15447,8,123.38,0,4,0
15448,10,103.8,0,2,0
15450,6,187.5,0,1,0
15451,2,179.0,0,0,0
15452,2,179.0,0,0,0
15453,3,207.0,0,0,0
15453,11,128.45,0,5,0
15454,6,129.83,0,2,0
15455,4,154.0,0,1,0
15456,33,732.15,0,29,0
15457,118,1237.78,0,113,0
15459,26,530.19,0,24,0
15460,6,286.67,0,4,0
15460,49,760.92,0,45,0
15461,7,210.0,0,3,0
15463,7,222.14,0,5,0
15464,20,408.3,0,18,0
15465,3,147.67,0,1,0
15466,7,248.57,0,4,0
15467,12,758.67,0,10,0
15468,157,1043.84,0,155,0
15468,188,1033.35,0,184,0
15469,26,497.65,0,23,0
15470,632,1181.09,0,627,0
15471,513,1165.03,0,509,0
15473,64,478.94,0,62,0
15474,29,259.62,0,27,0
15475,12,147.83,0,6,0
15476,342,1233.52,0,337,0
15477,2,179.0,0,0,0
15478,13,132.31,0,10,0
15478,53,580.72,0,46,0
15480,10,193.4,0,6,0
15481,3,139.33,0,0,0
15482,59,768.8,0,54,0
15483,551,1255.22,0,547,0
15484,3,139.33,0,0,0
15485,3,139.33,0,0,0
15486,2,179.0,0,0,0
15488,2,179.0,0,0,0
15489,2,179.0,0,0,0
15489,455,1262.48,1,450,0
15490,3,139.33,0,0,0
15491,155,1257.59,0,152,0
15491,161,1216.06,0,156,0
15493,14,94.57,0,10,0
15494,4,119.5,0,0,0
15495,3,139.33,0,0,0
15495,10,112.4,0,2,0
15497,46,918.0,0,40,0
15498,3,139.33,0,0,0
15499,3,139.33,0,0,0
15501,3,139.33,0,0,0
15501,361,1256.43,0,358,0
15502,9,96.33,0,4,0
15503,176,1192.1,0,171,0
15504,7,130.43,2,0,0
15506,2,179.0,0,0,0
15506,6,122.67,0,1,0
15507,4,173.75,0,0,0
15509,2,179.0,0,0,0
15509,3,139.33,0,0,0
15511,2,179.0,0,0,0
15511,184,1199.16,0,181,0
15512,10,137.6,0,6,0
15513,8,129.25,0,4,0
15514,5,115.4,0,0,0
15515,3,139.33,0,0,0
15516,2,179.0,0,0,0
15518,2,179.0,0,0,0
15518,136,1193.95,0,133,0
15520,2,179.0,0,0,0
15520,3,139.33,0,0,0
15521,152,1132.79,0,149,0
15523,2,179.0,0,0,0
15524,143,1242.57,0,141,0
15524,144,1234.35,0,141,0
15526,2,179.0,0,0,0
15526,140,1159.67,0,132,0
15527,10,200.4,3,2,1
15528,22,147.45,1,12,0
15529,206,1156.06,14,189,1
15530,11,131.91,0,8,0
15531,144,1239.0,0,141,0
15533,2,179.0,0,0,0
15534,7,158.29,0,2,0
15535,147,1113.33,3,138,0
15536,3,139.33,0,0,0
15536,10,189.4,0,3,0
15537,286,1231.72,0,280,0
15538,345,1233.46,3,334,0
15540,160,1228.75,0,158,0
15541,2,179.0,0,0,0
15542,4,137.0,0,2,0
15542,498,1253.67,0,495,0
15544,2,179.0,0,0,0
15544,362,1253.25,0,358,0
15545,9,101.22,0,5,0
15547,257,1265.02,0,254,0
15547,475,1252.43,0,471,0
15548,3,139.33,0,0,0
15549,345,1261.56,1,341,0
15550,178,1221.88,0,175,0
15552,7,107.86,0,5,0
15553,465,1264.78,0,459,0
15554,197,1260.52,0,195,0
15555,27,1123.15,0,24,0
15556,2,179.0,0,0,0
15557,206,1278.79,0,204,0
15557,351,1255.97,0,347,0
15558,257,1236.58,0,253,0
15559,352,1251.2,0,349,0
15561,169,1259.3,0,167,0
15562,6,112.83,0,3,0
15562,8,99.62,0,3,0
15563,9,101.56,0,4,0
15565,144,1255.12,0,142,0
15565,181,1205.23,0,178,0
15566,4,173.75,0,0,0
15568,340,1274.23,0,338,0
15569,60,1232.38,0,58,0
15569,204,1237.9,0,201,0
15571,204,1263.69,0,202,0
15572,2,179.0,0,0,0
15573,405,1280.23,0,403,0
15573,429,1252.45,1,423,0
15575,8,117.25,0,4,0
15576,298,1256.49,0,295,0
15577,136,1247.08,0,132,0
15578,126,1239.64,2,122,0
15579,6,203.67,0,4,0
15579,346,1261.76,0,343,0
15581,261,1247.21,0,258,0
15582,5,124.6,0,3,0
15583,344,1255.21,0,340,0
15584,9,200.22,0,3,0
15585,3,255.33,0,0,0
15586,3,308.33,0,0,0
15587,3,220.0,0,0,0
15587,287,1246.78,0,282,0
15589,5,124.0,0,1,0
15590,63,908.08,0,59,0
15591,10,263.0,0,4,0
15592,3,261.67,0,0,0
15592,430,1251.71,0,423,0
15593,300,1234.31,0,293,0
15595,4,139.25,0,0,0
15596,3,165.67,0,0,0
15597,159,1273.53,0,157,0
15598,6,117.33,0,4,0
15598,8,103.0,0,4,0
15599,5,107.6,0,0,0
15601,4,119.5,0,0,0
15602,31,419.13,19,8,2
15603,6,188.67,1,1,0
15604,9,169.33,0,3,0
15605,7,258.43,0,3,0
15606,3,165.67,0,0,0
15606,5,123.4,0,0,0
15607,3,139.33,0,0,0
15609,7,172.71,0,4,0
15610,4,130.25,0,1,0
15611,2,179.0,0,0,0
15611,4,119.5,0,0,0
15612,11,142.73,0,4,0
19317,31,495.45,19,11,1
19319,2,149.5,1,0,0
19320,12,421.25,6,5,0
19321,13,428.85,2,10,0
19322,7,364.71,3,3,0
19323,6,167.5,2,1,0
19324,2,118.0,1,0,0
19325,1,238.0,1,0,0
19326,2,153.0,1,1,0
19327,9,299.56,4,2,0
19329,2,149.5,1,0,0
19330,17,406.29,12,4,0
19331,4,357.25,2,1,0
19332,14,470.79,6,7,0
19334,1,67.0,0,1,0
19335,9,663.22,0,8,0
19336,31,294.65,5,25,0
19338,19,331.37,1,15,0
19339,15,199.6,4,5,0
19340,5,406.6,3,1,0
19341,2,149.5,1,0,0
19342,3,123.67,1,2,0
19343,1,169.0,0,1,0
19345,5,436.0,4,0,0
19347,26,440.73,3,21,0
19348,8,323.88,3,1,0
19349,23,215.74,4,13,0
19350,5,400.2,3,0,0
19351,7,368.71,4,2,0
19352,4,169.25,2,0,0
19354,5,436.0,4,0,0
19355,4,485.25,3,0,0
19356,7,374.86,3,3,0
19357,9,271.56,8,0,0
19358,1,239.0,1,0,0
19359,1,238.0,1,0,0
19359,7,545.86,6,0,0
19360,7,337.14,4,0,0
19362,8,355.88,4,3,0
19363,3,69.33,0,3,0
19364,7,596.43,0,6,0
22525,3,93.33,0,1,0
22526,1,229.0,0,0,0
22527,3,154.0,0,1,0
22529,3,166.0,0,1,0
22529,4,139.5,0,1,0
22529,4,139.5,0,1,0
22603,1,253.0,0,0,0
22603,1,253.0,0,0,0
22603,1,253.0,0,0,0
22605,1,60.0,0,0,0
22606,3,86.33,0,3,0
22606,3,86.33,0,3,0
22606,3,86.33,0,3,0
22606,3,86.33,0,3,0
22611,2,243.0,0,1,0
22613,61,895.48,0,61,0
22614,3,341.0,0,3,0
22615,75,848.68,0,74,0
22616,110,1140.48,0,110,0
22617,14,296.36,0,14,0
22618,94,1228.19,0,94,0
22620,11,546.45,0,11,0
22620,35,443.86,0,35,0
22620,35,443.86,0,35,0
22623,4,81.25,1,3,0
22624,12,139.25,6,6,0
22624,17,151.29,11,6,0
2458,1,123.0,0,0,0
2459,4,86.75,2,0,0
2460,7,146.14,0,3,0
2461,5,248.6,0,2,0
2462,1,66.0,1,0,0
2462,2,63.0,1,0,0
2464,1,60.0,0,0,0
2465,4,78.5,2,0,0
2466,1,60.0,0,0,0
2468,4,92.25,4,0,0
2471,98,690.03,1,95,0
2472,12,444.92,0,12,0
2472,13,415.31,0,12,0
2472,13,415.31,0,12,0
2475,61,629.66,2,57,1
2476,10,575.7,9,0,0
2477,37,496.38,8,28,1
2478,138,820.6,9,128,1
2479,112,1227.25,0,111,0
2480,57,715.68,11,46,1
2481,10,94.6,0,10,0
2482,355,1178.23,18,337,2
2483,32,638.91,0,32,0
2484,83,1089.33,0,83,0
2485,36,538.56,1,34,0
2486,166,1190.61,0,165,0
2487,597,1288.21,1,596,0
2488,36,339.75,2,33,0
2489,9,110.56,0,8,0
2493,80,1291.95,0,80,0
2493,542,1246.1,2,539,0
2495,2,82.0,1,0,0
2497,368,1273.54,0,368,0
2498,44,576.57,0,43,0
2499,295,1237.86,3,287,0
2502,9,92.0,0,8,0
2503,9,154.33,0,8,0
2504,1,123.0,0,0,0
2504,2,91.5,0,0,0
2505,12,82.08,3,8,0
2506,190,1266.38,0,190,0
2510,8,123.25,0,1,0
2512,1,60.0,0,0,0
2514,190,1224.21,2,187,0
2515,8,82.0,1,5,0
2521,1,310.0,0,0,0
2522,7,82.29,0,6,0
2523,10,88.0,3,5,0
2525,2,91.5,0,0,0
2527,171,1269.99,0,171,0
2528,4,64.5,3,0,0
2529,5,78.8,4,0,0
2533,3,64.67,0,2,0
2533,518,1247.6,0,517,0
2534,4,123.25,0,4,0
2535,5,193.2,0,2,0
2536,9,96.56,1,7,0
2537,2,60.0,1,0,0
2539,159,1146.9,6,153,1
2540,6,892.33,4,1,0
2543,1,60.0,0,0,0
2546,1,123.0,0,0,0
2547,1,123.0,0,0,0
2548,2,91.5,0,0,0
2551,164,1189.58,11,152,1
2554,3,103.33,0,1,0
2555,4,197.5,0,2,0
2556,8,86.12,0,8,0
2558,254,1266.41,0,253,0
2558,254,1266.41,0,253,0
2560,2,63.0,1,0,0
2562,1,60.0,0,0,0
2564,2,63.0,1,0,0
2565,163,1283.96,0,162,0
2568,3,95.33,0,1,0
2570,2,91.5,0,0,0
2573,12,98.83,1,7,0
2574,3,170.0,0,1,0
2577,1,60.0,0,0,0
2578,1,60.0,0,0,0
2581,2,103.0,0,1,0
2582,4,92.0,0,2,0
2583,3,95.33,0,1,0
2583,5,81.2,0,1,0
2585,4,92.0,0,2,0
2587,507,1269.16,0,506,0
2589,3,97.33,1,1,0
2591,4,105.0,0,2,0
2592,1,60.0,0,0,0
2593,2,251.0,0,1,0
2594,2,129.0,0,1,0
2595,1,60.0,0,0,0
2596,1,135.0,0,0,0
2597,520,1281.98,1,519,0
2597,520,1281.98,1,519,0
2600,2,266.0,0,1,0
2601,8,406.5,0,4,0
2602,10,251.0,0,5,0
2604,23,448.96,0,22,0
2604,25,432.72,0,23,0
2606,9,193.67,1,6,0
2606,10,180.3,1,6,0
2609,8,83.88,4,4,0
2613,3,95.33,0,1,0
2615,1,60.0,0,0,0
3067,2,85.0,2,0,0
3068,2,82.0,2,0,0
3070,3,151.0,0,2,0
3071,23,109.7,20,1,0
3072,18,100.11,18,0,0
3073,13,102.0,13,0,0
3074,220,105.8,119,0,0
3075,224,104.68,136,0,0
3076,169,104.67,104,0,0
3077,426,103.59,263,0,0
3078,628,103.47,316,0,0
3079,270,104.3,169,0,0
3080,427,103.69,268,0,0
3081,385,103.74,233,0,0
3082,479,103.9,305,0,0
3083,351,104.32,208,0,0
3084,197,104.88,117,0,0
3085,366,105.08,220,0,0
3086,310,104.49,183,0,0
3087,363,103.63,223,6,0
3088,453,103.86,287,0,0
3089,744,135.78,442,35,1
3090,497,103.69,312,0,0
3091,651,103.59,415,0,0
3092,442,104.11,275,2,0
3093,328,106.38,200,4,0
3094,537,104.94,333,1,0
3095,1001,103.95,603,0,0
3096,518,103.42,315,0,0
3097,724,104.3,448,1,0
3098,387,113.54,215,10,0
3099,944,104.01,521,1,0
3100,365,105.09,212,1,0
3101,640,104.19,389,0,0
3102,578,104.39,351,2,0
3103,638,106.02,369,3,0
3104,502,103.65,309,4,0
3105,250,104.26,120,1,0
3106,462,103.93,280,0,0
3107,689,103.76,441,0,0
3108,551,103.74,325,0,0
3109,621,104.42,392,0,0
3110,311,103.61,197,0,0
3111,560,103.87,351,0,0
3112,666,104.63,416,1,0
3113,500,103.53,321,0,0
3114,695,103.84,421,0,0
3115,504,103.71,317,0,0
3116,696,103.81,429,0,0
3117,716,104.03,450,0,0
3118,923,104.04,586,0,0
3119,1123,159.59,738,3,1
3120,256,103.72,127,0,0
3121,422,103.79,261,4,0
3122,780,103.89,493,0,0
3123,760,104.09,469,1,0
3124,467,104.1,289,0,0
3125,538,104.42,333,0,0
3126,422,104.09,247,0,0
3127,377,103.61,226,0,0
3128,656,110.52,405,0,1
3129,349,159.72,193,1,0
3130,669,103.99,409,0,0
3131,694,103.99,437,0,0
3132,256,102.87,99,0,0
3133,1057,103.95,672,0,0
3135,313,103.41,174,0,0
3136,513,103.91,320,0,0
3137,1020,103.99,639,0,0
3138,495,103.95,313,0,0
3139,418,103.9,263,2,0
3140,360,133.36,198,22,0
3141,491,103.82,309,0,0
3142,261,103.84,164,0,0
3143,438,103.82,269,0,0
3144,223,103.78,140,0,0
3145,199,103.67,91,0,0
3146,171,103.45,107,0,0
3147,193,103.7,108,0,0
3148,405,103.71,257,0,0
3149,166,103.66,77,0,0
3150,310,104.44,184,1,0
3151,178,104.72,111,0,0
3152,231,105.19,141,0,0
3153,212,104.09,131,0,0
3154,129,104.14,63,0,0
3155,464,104.05,289,0,0
3156,260,104.08,152,3,0
3157,292,104.14,183,0,0
3158,232,105.1,138,0,0
3159,176,103.77,83,0,0
3160,85,104.21,50,0,0
3161,4,102.0,4,0,0
3162,4,102.0,4,0,0
3163,4,102.0,4,0,0
3163,14,214.93,10,2,0
3164,1,123.0,0,0,0
3165,2,82.0,2,0,0
3166,3,66.0,3,0,0
3167,2,85.0,2,0,0
3169,1,66.0,1,0,0
3169,1,66.0,1,0,0
3169,1,66.0,1,0,0
3171,2,82.0,2,0,0
3173,10,94.8,1,7,0
3174,1,86.0,0,1,0
3175,2,82.0,2,0,0
3177,1,310.0,0,0,0
3177,6,117.33,4,0,0
3178,11,174.0,11,0,0
3180,7,157.71,6,0,0
3181,3,112.67,3,0,0
3181,4,99.5,3,0,0
3183,2,82.0,1,0,0
3184,18,182.39,17,0,0
3185,34,110.47,28,3,0
3186,37,132.22,29,4,0
3187,31,99.35,30,0,0
3188,29,100.55,28,0,0
3189,28,100.5,27,0,0
3190,28,100.71,25,1,0
3191,31,113.87,27,2,0
3192,28,100.5,27,0,0
3193,28,100.57,28,0,0
3194,32,163.22,30,1,0
3195,27,99.33,27,0,0
3196,28,99.29,28,0,0
3197,27,102.0,27,0,0
3198,35,112.0,26,2,0
3199,28,100.86,28,0,0
3200,52,305.58,27,25,0
3201,22,102.0,22,0,0
3202,26,98.85,25,0,0
3203,23,102.0,23,0,0
3204,30,152.3,29,1,0
3205,2983,60.35,2983,0,2958
3206,2770,60.04,2768,1,2768
3207,2641,60.04,2639,1,2639
3208,2713,60.04,2711,1,2711
3209,2691,60.01,2691,0,2687
3210,2996,60.0,2996,0,2996
3211,3153,60.01,3152,0,3150
3212,3468,60.0,3468,0,3468
3213,3654,60.02,3652,1,3652
3214,3202,60.56,3202,0,3195
3215,3872,60.01,3870,0,3870
3216,3726,60.0,3726,0,3726
3217,3488,60.01,3488,0,3487
3218,3738,60.0,3737,0,3737
3219,3975,60.0,3975,0,3975
3220,3989,60.0,3989,0,3988
3221,3724,60.0,3724,0,3724
3222,4846,60.08,4845,1,4845
3223,3999,60.0,3999,0,3999
3224,3854,60.79,3848,3,3842
3225,3889,60.17,3884,2,3884
3226,4119,60.18,4112,2,4112
3227,4112,60.16,4107,2,4106
3228,4391,60.18,4384,3,4383
3229,4111,60.03,4107,1,4107
3230,3934,60.03,3932,1,3932
3231,4604,60.26,4600,2,4600
3232,4149,60.01,4148,0,4146
3233,4342,60.0,4342,0,4341
3234,4712,60.38,4710,1,4704
3235,4215,60.0,4215,0,4215
3236,4513,60.0,4513,0,4512
3237,4362,60.01,4362,0,4360
3238,4526,60.0,4526,0,4526
3239,4595,60.03,4592,1,4590
3240,4236,60.58,4225,8,4225
3241,4304,61.05,4296,4,4293
3242,3618,60.71,3616,1,3612
3243,3773,60.7,3767,2,3767
3244,5286,60.67,5282,2,5276
3245,4504,60.01,4503,0,4501
3246,4816,60.4,4813,3,4802
3247,3405,61.24,3399,3,3383
3248,46,125.09,32,6,0
3249,4,187.5,2,1,0
3250,4,179.5,0,2,0
3251,5,95.6,1,2,0
3252,2,85.0,2,0,0
3254,1,725.0,0,0,0
3254,11,374.64,8,1,0
3254,11,374.64,8,1,0
3254,11,374.64,8,1,0
3257,9,102.67,3,5,0
3257,9,102.67,3,5,0
3257,9,102.67,3,5,0
3260,16,430.12,4,12,0
3264,3,620.33,3,0,0
3264,3,620.33,3,0,0
3267,1,66.0,1,0,0
3268,2,66.0,2,0,0
3268,5,89.6,3,1,0
3270,4,66.0,4,0,0
3271,1,120.0,0,0,0
3272,4,143.0,0,1,0
3273,2,94.5,1,0,0
3274,5,83.6,2,1,0
3275,2,60.0,0,0,0
3276,1,209.0,0,0,0
3276,3,253.67,0,1,0
3279,1,104.0,1,0,0
3279,3,89.33,3,0,0
3280,3,572.0,0,1,0
3280,3,572.0,0,1,0
3282,2,63.0,1,0,0
3283,2,85.0,2,0,0
3283,2,85.0,2,0,0
3285,7,316.86,7,0,0
3288,3,78.67,3,0,0
3289,1,66.0,1,0,0
3289,4,66.0,4,0,0
3291,3,72.67,2,1,0
3294,1,104.0,1,0,0
3294,8,89.0,5,2,0
3295,7,323.71,5,1,0
3296,1,123.0,0,0,0
3297,1,66.0,1,0,0
3297,1,66.0,1,0,0
3299,3,95.33,3,0,0
3300,1,66.0,1,0,0
3300,1,66.0,1,0,0
3302,2,110.0,0,1,0
3303,5,124.0,4,0,0
3304,6,98.33,0,2,0
3306,5,199.0,0,2,0
3306,15,178.6,2,6,0
3306,15,178.6,2,6,0
3309,3,228.67,1,1,0
3310,4,86.0,0,4,0
3311,1,107.0,0,0,0
3311,1,107.0,0,0,0
3312,6,104.17,6,0,1
3314,1,104.0,1,0,0
3315,11,233.73,9,1,0
3316,3,159.67,0,1,0
3318,6,87.17,5,0,0
3318,10,195.3,5,2,0
3320,12,544.0,0,12,0
3322,1,66.0,1,0,0
3322,1,66.0,1,0,0
3323,3,85.33,2,1,0
3325,1,66.0,1,0,0
3325,9,271.89,7,2,0
3326,6,86.0,0,6,0
3327,3,83.67,2,1,0
3328,5,120.0,2,1,0
3329,4,148.5,1,1,0
3330,16,102.0,16,0,0
3331,16,102.0,16,0,0
3333,15,102.0,15,0,0
3334,17,102.12,17,0,0
3335,17,101.06,17,0,0
3336,14,102.0,14,0,0
3337,14,102.0,14,0,0
3338,14,102.0,14,0,0
3339,13,102.0,13,0,0
3339,30,110.27,26,2,0
3340,5,88.4,1,1,0
3340,5,88.4,1,1,0
3342,1,66.0,1,0,0
3343,13,134.15,7,6,0
3345,3,94.33,0,1,0
3345,14,280.86,6,3,0
3346,1,66.0,1,0,0
3348,15,102.0,15,0,0
3349,17,102.94,15,1,0
3350,4,141.75,3,0,0
3351,7,102.0,7,0,0
3352,7,102.0,7,0,0
3353,6,102.0,6,0,0
3354,6,102.0,6,0,0
3355,4,84.0,4,0,0
3356,5,98.8,4,1,0
3357,4,102.0,4,0,0
3357,17,99.53,16,0,0
3358,48,99.58,47,0,0
3359,41,102.0,41,0,0
3360,44,102.68,42,1,0
3361,47,125.49,43,2,0
3362,44,102.68,42,1,0
3363,44,99.45,43,0,0
3364,43,99.12,41,0,0
3365,46,133.89,45,0,0
3366,87,644.56,52,35,1
3367,4211,1477.13,37,4172,0
3368,4453,1488.75,3,4449,0
3369,4483,1489.39,1,4481,0
3370,5325,1489.22,3,5322,0
3371,815,1484.92,2,812,0
3372,2202,1487.45,1,2198,0
3373,4515,1487.84,6,4508,0
3374,5525,1489.76,1,5524,0
3375,5848,1488.36,7,5840,0
3376,4442,1488.43,4,4437,0
3377,4649,1487.6,1,4647,0
3378,4843,1488.85,3,4839,0
3379,4796,1488.54,4,4791,0
3380,6024,1489.31,2,6021,0
3381,5280,1489.22,2,5277,0
3382,5059,1488.07,3,5053,0
3384,615,1481.05,2,612,0
3385,240,1484.48,1,239,0
3386,6,162.83,6,0,0
3386,6,162.83,6,0,0
3388,1,60.0,0,0,0
3389,6,76.67,5,0,0
3394,1,104.0,1,0,0
3394,12,89.0,3,6,0
3396,7,338.71,5,1,0
3397,3,93.33,0,1,0
3398,22,454.5,2,18,0
3399,4,82.25,2,0,0
3401,2,82.0,2,0,0
3401,3,74.67,2,0,0
3404,6,93.33,4,1,0
3405,8,104.25,0,3,0
3406,5,162.2,0,2,0
3407,3,79.33,0,1,0
3409,7,132.0,3,2,0
3410,2,82.0,2,0,0
3410,3,74.67,2,0,0
3412,7,82.29,0,6,0
3413,2,82.0,2,0,0
3414,13,397.38,2,11,0
3416,12,224.92,8,2,0
3417,1,285.0,0,0,0
3417,1,285.0,0,0,0
3419,22,707.86,19,3,1
3420,1,188.0,0,0,0
3420,9,272.67,0,4,0
3422,6,188.0,2,2,0
3423,5,207.2,0,3,0
3424,3,76.67,2,0,0
3426,2,63.0,1,0,0
3427,2,103.0,0,1,0
3427,13,220.46,0,6,0
3428,21,83.43,2,9,0
3429,4,87.0,2,2,0
3431,1,107.0,0,0,0
3431,5,116.2,2,1,0
3431,5,116.2,2,1,0
3433,1,66.0,1,0,0
3434,5,97.2,3,1,0
3434,5,97.2,3,1,0
3436,5,407.8,5,0,0
3437,3,76.67,3,0,0
3437,3,76.67,3,0,0
3439,1,104.0,1,0,0
3441,12,101.67,12,0,0
3442,1009,1477.62,9,1000,0
3443,996,1490.0,0,996,0
3444,1005,1488.61,1,1004,0
3445,1164,1487.59,2,1162,0
3446,195,1490.0,0,195,0
3447,226,1490.0,0,226,0
3448,229,1473.5,0,229,0
3449,225,1490.0,0,225,0
3450,297,1458.57,0,292,0
3451,238,1490.0,0,238,0
3452,1017,1481.99,0,1017,0
3453,277,1484.84,0,276,0
3454,279,1490.0,0,279,0
3455,1677,1490.0,0,1677,0
3456,1537,1488.21,0,1536,0
3457,1918,1490.0,0,1918,0
3458,1904,1490.0,0,1904,0
3459,2558,1489.46,1,2557,0
3460,2560,1488.94,2,2558,0
3461,2879,1485.86,9,2870,0
3461,2879,1485.86,9,2870,0
3462,1,66.0,1,0,0
3463,4,86.0,0,4,0
3465,7,159.43,1,2,0
3466,12,459.08,1,5,0
3466,21,455.1,7,7,0
3467,1,1299.0,0,0,0
3468,3,900.0,1,1,0
3469,6,233.5,2,2,0
3471,3,109.67,0,2,0
3472,1,123.0,0,0,0
3472,3,919.0,0,1,0
3473,32,103.75,30,1,0
3474,52,110.23,50,1,1
3475,29,101.45,28,1,0
3476,5,407.8,5,0,0
3477,24,116.25,22,1,0
3478,1018,62.37,1016,0,977
3479,3790,60.41,3790,0,3754
3480,5700,60.3,5695,5,5656
3481,4512,60.0,4512,0,4512
3482,4371,60.0,4371,0,4370
3483,4231,60.01,4231,0,4229
3484,4436,60.01,4436,0,4434
3485,5537,60.0,5537,0,5537
3486,4559,60.39,4558,0,4552
3487,4809,60.0,4807,0,4807
3488,4635,60.0,4634,0,4634
3489,5433,60.02,5432,0,5428
3490,5095,60.02,5091,1,5091
3491,4502,60.11,4497,2,4497
3492,4933,60.03,4930,1,4928
3493,4191,60.03,4188,1,4188
3494,5133,60.01,5132,0,5130
3495,5544,60.01,5543,0,5541
3496,4970,60.35,4970,0,4964
3497,4854,60.03,4847,6,4847
3498,4387,60.01,4386,0,4384
3499,4925,61.22,4909,13,4907
3500,4911,60.09,4908,2,4908
3501,4867,60.01,4866,0,4864
3502,4418,60.0,4417,0,4416
3503,4538,60.0,4537,0,4537
3504,5330,60.02,5328,0,5324
3505,5817,60.23,5813,2,5813
3506,5116,60.34,5115,0,5109
3507,4689,60.01,4688,0,4686
3508,4901,60.02,4897,1,4897
3509,4507,60.11,4504,1,4499
3510,4947,60.01,4945,1,4943
3511,6066,60.0,6066,0,6066
3512,5156,60.07,5152,1,5152
3513,4949,60.06,4944,2,4942
3514,4856,60.14,4846,7,4844
3515,4924,60.02,4921,1,4921
3516,5809,60.5,5800,4,5792
3517,6205,60.29,6194,5,6194
3518,7268,60.09,7266,1,7266
3519,4911,60.09,4908,1,4904
3521,5333,60.14,5328,2,5328
3522,5146,60.07,5144,1,5144
3523,5977,60.01,5976,0,5973
3524,5139,60.19,5136,1,5136
3525,5798,60.01,5797,0,5795
3526,6574,60.01,6573,0,6572
3527,5058,60.34,5056,0,5050
3528,4536,60.02,4533,1,4532
3529,5298,60.09,5294,1,5291
3530,5055,60.05,5049,2,5047
3531,5145,61.16,5127,14,5126
3533,303,60.15,303,0,301
3534,479,60.01,478,1,478
3535,529,60.01,527,1,527
3536,668,60.34,665,1,661
3537,804,60.58,800,2,800
3538,1092,60.0,1091,0,1091
3539,1921,60.02,1920,0,1918
3540,2494,71.85,2450,42,2450
3541,2540,62.02,2522,17,2522
3542,2686,63.17,2665,19,2661
3543,2551,60.86,2541,9,2541
3544,3057,129.61,2867,188,2867
3545,2852,166.71,2587,263,2585
3546,3645,333.37,2816,826,2816
3547,3045,60.02,3044,0,3042
3548,3220,60.7,3204,12,3202
3549,3030,60.24,3017,11,3017
3550,4107,146.47,3805,301,3805
3551,3409,60.1,3401,6,3399
3552,3905,60.09,3895,9,3895
3553,3886,60.02,3885,1,3883
3554,3726,60.01,3725,0,3723
3555,3700,60.03,3694,5,3694
3556,4054,60.01,4049,4,4049
3557,3858,60.06,3856,1,3854
3558,3859,60.01,3858,0,3857
3559,4125,60.0,4124,0,4124
3560,3822,62.03,3803,19,3801
3561,3690,60.0,3689,0,3689
3562,2427,60.43,2423,3,2405
3563,36,99.72,35,0,0
3564,21,102.1,21,0,0
3565,4,78.25,0,3,0
4923,3,62.0,0,1,0
4925,3,74.0,0,0,0
4926,1,60.0,0,0,0
4928,2,125.0,0,1,0
4928,20,214.5,3,9,1
4929,18,466.5,10,3,0
4930,6,340.0,0,2,0
4931,9,98.11,5,4,1
4932,19,906.74,16,1,0
4934,1,1136.0,0,0,0
4934,3,546.0,0,1,0
4934,3,546.0,0,1,0
4937,3,78.67,3,0,0
4937,3,78.67,3,0,0
4939,2,82.0,2,0,0
4941,77,771.79,0,75,0
4942,85,586.88,9,75,1
4943,101,740.54,4,95,0
4944,96,1221.02,1,95,0
4945,28,385.39,0,27,0
4946,22,646.91,2,19,0
4947,6,107.67,0,4,0
4948,35,270.23,0,34,0
4949,6,76.67,4,1,0
4950,335,1215.29,0,333,0
4951,976,1266.08,0,972,0
4952,10,279.3,1,8,0
4953,13,558.46,0,12,0
4953,17,477.41,0,14,0
4955,5,91.2,3,1,0
4957,523,1284.97,0,522,0
4957,1263,1284.61,1,1260,0
4958,18,410.5,2,16,0
4959,6,277.0,0,3,0
4961,4,249.25,0,3,0
4961,14,127.86,6,7,0
4962,18,626.11,0,17,0
4964,524,1271.62,2,519,0
4965,17,241.29,0,8,0
4967,1,382.0,0,0,0
4967,9,157.11,4,2,0
4968,263,1263.07,0,259,0
4969,45,999.91,1,41,0
4971,1,66.0,1,0,0
4972,1,540.0,0,0,0
4973,1,99.0,0,0,0
4973,11,113.18,4,2,0
4974,13,268.62,0,6,0
4976,2,372.0,0,1,0
4978,1,60.0,0,0,0
4978,1,60.0,0,0,0
4979,7,84.29,4,3,0
4980,4,197.5,0,2,0
4982,1,99.0,0,0,0
4982,7,85.57,2,4,0
4983,7,246.29,0,5,0
4983,7,246.29,0,5,0
4986,3,89.33,3,0,0
4987,2,97.5,0,0,0
4989,1,66.0,1,0,0
4990,6,165.0,0,3,0
4991,7,93.29,3,3,0
4991,8,89.88,4,3,0
4991,8,89.88,4,3,0
4994,7,386.57,0,3,0
4995,3,693.67,0,1,0
4997,3,153.33,0,1,0
5001,1,66.0,1,0,0
5001,4,691.5,2,1,0
5001,4,691.5,2,1,0
5004,1,104.0,1,0,0
5004,3,89.33,3,0,0
5006,1,66.0,1,0,0
10195,3,106.67,0,2,0
10196,4,122.0,2,1,0
10197,9,359.78,5,2,0
10198,3,77.0,2,0,0
10200,1,66.0,1,0,0
10200,1,66.0,1,0,0
10202,3,158.0,2,1,0
10203,2,102.0,2,0,0
10204,663,60.13,663,0,661
10205,671,60.28,669,1,667
10206,663,61.33,659,2,659
10207,466,60.0,466,0,466
10208,852,60.0,852,0,852
10209,128,60.0,128,0,128
10210,973,61.3,972,0,972
10211,221,66.49,217,2,217
10212,760,60.0,760,0,760
10213,1319,60.0,1319,0,1319
10214,1495,61.68,1493,1,1493
10215,1438,60.03,1438,0,1437
10216,3795,60.0,3795,0,3795
10217,4328,60.01,4328,0,4325
10218,1458,60.03,1458,0,1456
10219,2497,60.0,2497,0,2497
10220,975,61.01,975,0,957
10221,20,100.0,20,0,0
10222,23,107.3,20,1,0
10224,3,112.0,2,0,0
10224,3,112.0,2,0,0
10224,3,112.0,2,0,0
10226,3,76.67,3,0,0
10227,28,1039.43,27,0,0
10228,24,108.58,4,17,0
10229,17,336.76,0,4,0
10230,3,335.67,0,1,0
10232,5,171.4,3,0,0
10233,2,337.0,0,0,0
10234,4,341.5,0,2,0
10235,2,266.0,0,0,0
10236,1,472.0,0,0,0
10237,3,119.67,0,1,0
10238,2,204.0,0,1,0
10238,10,165.4,2,4,0
10239,9,257.78,2,3,0
10241,6,196.67,0,2,0
10242,3,306.33,0,1,0
10243,3,136.67,1,1,0
10243,6,106.83,3,1,0
10244,2,357.0,0,1,0
10245,8,86.25,2,5,0
10247,1,578.0,0,0,0
10249,1,66.0,1,0,0
10249,2,63.0,1,0,0
10249,2,63.0,1,0,0
10252,1,66.0,1,0,0
10252,1,66.0,1,0,0
10254,3,273.0,1,1,0
10254,3,273.0,1,1,0
10256,1,66.0,1,0,0
10257,10,256.7,10,0,1
10259,5,79.0,4,0,0
10259,5,79.0,4,0,0
10259,5,79.0,4,0,0
10262,1,66.0,1,0,0
10263,1,86.0,0,1,0
10263,5,85.8,2,3,0
10265,3,74.67,2,0,0
10265,3,74.67,2,0,0
10267,1,60.0,0,0,0
10268,6,363.17,3,1,0
10269,5,373.4,0,2,0
10270,1,427.0,0,0,0
10270,3,197.0,2,0,0
10272,5,422.0,0,2,0
10272,8,323.62,0,4,0
10274,1,66.0,1,0,0
10274,1,66.0,1,0,0
10274,1,66.0,1,0,0
10274,1,66.0,1,0,0
10274,1,66.0,1,0,0
10274,1,66.0,1,0,0
10274,1,66.0,1,0,0
10274,1,66.0,1,0,0
10274,1,66.0,1,0,0
10274,1,66.0,1,0,0
10274,1,66.0,1,0,0
10274,1,66.0,1,0,0
10274,1,66.0,1,0,0
10274,1,66.0,1,0,0
10274,1,66.0,1,0,0
10274,1,66.0,1,0,0
10274,1,66.0,1,0,0
10274,1,66.0,1,0,0
10274,1,66.0,1,0,0
10274,1,66.0,1,0,0
10274,1,66.0,1,0,0
10274,1,66.0,1,0,0
10274,1,66.0,1,0,0
10274,1,66.0,1,0,0
10274,1,66.0,1,0,0
10274,1,66.0,1,0,0
10274,1,66.0,1,0,0
10274,1,66.0,1,0,0
10274,1,66.0,1,0,0
10274,1,66.0,1,0,0
10274,1,66.0,1,0,0
10274,1,66.0,1,0,0
10274,1,66.0,1,0,0
10274,1,66.0,1,0,0
10274,1,66.0,1,0,0
10274,1,66.0,1,0,0
10274,1,66.0,1,0,0
10274,1,66.0,1,0,0
10274,1,66.0,1,0,0
10274,1,66.0,1,0,0
10274,1,66.0,1,0,0
10274,1,66.0,1,0,0
10274,1,66.0,1,0,0
10274,1,66.0,1,0,0
10274,1,66.0,1,0,0
10274,1,66.0,1,0,0
10274,1,66.0,1,0,0
10274,1,66.0,1,0,0
10274,1,66.0,1,0,0
10274,1,66.0,1,0,0
10274,1,66.0,1,0,0
10274,1,66.0,1,0,0
10274,1,66.0,1,0,0
10274,1,66.0,1,0,0
10274,1,66.0,1,0,0
10274,1,66.0,1,0,0
10274,1,66.0,1,0,0
10274,1,66.0,1,0,0
10274,1,66.0,1,0,0
10274,1,66.0,1,0,0
10274,1,66.0,1,0,0
10274,1,66.0,1,0,0
10274,1,66.0,1,0,0
10274,1,66.0,1,0,0
10274,1,66.0,1,0,0
10274,1,66.0,1,0,0
10274,1,66.0,1,0,0
10274,1,66.0,1,0,0
10274,1,66.0,1,0,0
10274,1,66.0,1,0,0
10274,1,66.0,1,0,0
10274,1,66.0,1,0,0
10274,1,66.0,1,0,0
10274,1,66.0,1,0,0
10274,1,66.0,1,0,0
10274,1,66.0,1,0,0
10274,1,66.0,1,0,0
10274,1,66.0,1,0,0
10274,1,66.0,1,0,0
10274,1,66.0,1,0,0
10274,1,66.0,1,0,0
10274,1,66.0,1,0,0
10274,1,66.0,1,0,0
10274,1,66.0,1,0,0
10274,1,66.0,1,0,0
10274,1,66.0,1,0,0
10274,1,66.0,1,0,0
10274,1,66.0,1,0,0
10274,1,66.0,1,0,0
10274,1,66.0,1,0,0
10274,1,66.0,1,0,0
10274,1,66.0,1,0,0
10274,1,66.0,1,0,0
10274,1,66.0,1,0,0
10274,1,66.0,1,0,0
10274,1,66.0,1,0,0
10274,1,66.0,1,0,0
10274,1,66.0,1,0,0
10274,1,66.0,1,0,0
10274,1,66.0,1,0,0
10274,1,66.0,1,0,0
10274,1,66.0,1,0,0
10274,1,66.0,1,0,0
10274,1,66.0,1,0,0
10274,1,66.0,1,0,0
10274,1,66.0,1,0,0
10274,1,66.0,1,0,0
10274,1,66.0,1,0,0
10274,1,66.0,1,0,0
10274,1,66.0,1,0,0
10274,1,66.0,1,0,0
10274,1,66.0,1,0,0
10274,1,66.0,1,0,0
10274,1,66.0,1,0,0
10274,1,66.0,1,0,0
10274,1,66.0,1,0,0
10274,1,66.0,1,0,0
10274,1,66.0,1,0,0
10274,1,66.0,1,0,0
10274,1,66.0,1,0,0
10274,1,66.0,1,0,0
10274,1,66.0,1,0,0
10274,1,66.0,1,0,0
10274,1,66.0,1,0,0
10274,1,66.0,1,0,0
10274,1,66.0,1,0,0
10274,1,66.0,1,0,0
10274,1,66.0,1,0,0
10274,1,66.0,1,0,0
10274,1,66.0,1,0,0
10274,1,66.0,1,0,0
10274,1,66.0,1,0,0
10274,1,66.0,1,0,0
10274,1,66.0,1,0,0
10274,1,66.0,1,0,0
10274,1,66.0,1,0,0
10274,1,66.0,1,0,0
10274,1,66.0,1,0,0
10274,1,66.0,1,0,0
10274,1,66.0,1,0,0
10274,1,66.0,1,0,0
10274,1,66.0,1,0,0
10274,1,66.0,1,0,0
10274,1,66.0,1,0,0
10274,1,66.0,1,0,0
10274,1,66.0,1,0,0
10274,1,66.0,1,0,0
10274,1,66.0,1,0,0
10274,1,66.0,1,0,0
10274,1,66.0,1,0,0
10274,1,66.0,1,0,0
10274,1,66.0,1,0,0
10274,1,66.0,1,0,0
10274,1,66.0,1,0,0
10274,1,66.0,1,0,0
10274,1,66.0,1,0,0
10274,1,66.0,1,0,0
10274,1,66.0,1,0,0
10274,1,66.0,1,0,0
10274,1,66.0,1,0,0
10274,1,66.0,1,0,0
10274,1,66.0,1,0,0
10274,1,66.0,1,0,0
10274,1,66.0,1,0,0
16649,1,198.0,0,1,0
16649,2,129.0,0,1,0
